parent,name*,displayName,description,synonyms,relatedTerms,references,tags,reviewers,owner,glossaryStatus,color,iconURL,domains,extension
,Domains,Domains,Domains of the PAY 4.2 framework.,,,,,,,Approved,,,,
,Dimensions,Dimensions,Dimensions of the PAY 4.2 framework.,,,,,,,Approved,,,,
,Metrics,Metrics,Metrics of the PAY 4.2 framework.,,,,,,,Approved,,,,
PAY_4_2.Domains,Geographical breakdown,Geographical breakdown,Domain `GA` of PAY 4.2: the 3 allowed values for the dimensions that draw on it.,GA,,,,,,Approved,,,,
PAY_4_2.Domains.Geographical breakdown,Domestic,Domestic,"Member `qx2010` of domain `GA` (Geographical breakdown) in PAY 4.2. Used as a value of: Payment transactions geographical breakdown. Appears in template(s): Y_01.01, Y_02.01, Y_03.01, Y_04.01, Y_05.01, Y_06.01, Y_07.01, Y_08.01. Label transcribed verbatim from the layout; for a definition see EBA Guidelines on fraud reporting under PSD2 (EBA/GL/2018/05, as amended).",qx2010,,,,,,Draft,,,,
PAY_4_2.Domains.Geographical breakdown,European Economic Area (EEA),European Economic Area (EEA),"Member `qx2011` of domain `GA` (Geographical breakdown) in PAY 4.2. Used as a value of: Payment transactions geographical breakdown. Appears in template(s): Y_01.01, Y_02.01, Y_03.01, Y_04.01, Y_05.01, Y_06.01, Y_07.01, Y_08.01. Label transcribed verbatim from the layout; for a definition see EBA Guidelines on fraud reporting under PSD2 (EBA/GL/2018/05, as amended).",qx2011,,,,,,Draft,,,,
PAY_4_2.Domains.Geographical breakdown,Non-European Economic Area (EEA),Non-European Economic Area (EEA),"Member `qx2012` of domain `GA` (Geographical breakdown) in PAY 4.2. Used as a value of: Payment transactions geographical breakdown. Appears in template(s): Y_01.01, Y_02.01, Y_03.01, Y_04.01, Y_05.01, Y_06.01, Y_07.01, Y_08.01. Label transcribed verbatim from the layout; for a definition see EBA Guidelines on fraud reporting under PSD2 (EBA/GL/2018/05, as amended).",qx2012,,,,,,Draft,,,,
PAY_4_2.Domains,Fraud event types,Fraud event types,Domain `qET` of PAY 4.2: the 12 allowed values for the dimensions that draw on it.,qET,,,,,,Approved,,,,
PAY_4_2.Domains.Fraud event types,Card details theft,Card details theft,"Member `qx2062` of domain `qET` (Fraud event types) in PAY 4.2. Used as a value of: Event Type. Appears in template(s): Y_03.01, Y_04.01. Label transcribed verbatim from the layout; for a definition see EBA Guidelines on fraud reporting under PSD2 (EBA/GL/2018/05, as amended).",qx2062,,,,,,Draft,,,,
PAY_4_2.Domains.Fraud event types,Card not received,Card not received,"Member `qx2059` of domain `qET` (Fraud event types) in PAY 4.2. Used as a value of: Event Type. Appears in template(s): Y_03.01, Y_04.01, Y_05.01. Label transcribed verbatim from the layout; for a definition see EBA Guidelines on fraud reporting under PSD2 (EBA/GL/2018/05, as amended).",qx2059,,,,,,Draft,,,,
PAY_4_2.Domains.Fraud event types,Counterfeit card,Counterfeit card,"Member `qx2056` of domain `qET` (Fraud event types) in PAY 4.2. Used as a value of: Event Type. Appears in template(s): Y_03.01, Y_04.01, Y_05.01. Label transcribed verbatim from the layout; for a definition see EBA Guidelines on fraud reporting under PSD2 (EBA/GL/2018/05, as amended).",qx2056,,,,,,Draft,,,,
PAY_4_2.Domains.Fraud event types,Issuance of a payment order by the fraudster,Issuance of a payment order by the fraudster,"Member `qx2053` of domain `qET` (Fraud event types) in PAY 4.2. Used as a value of: Event Type. Appears in template(s): Y_01.01, Y_03.01, Y_04.01, Y_05.01, Y_06.01. Label transcribed verbatim from the layout; for a definition see EBA Guidelines on fraud reporting under PSD2 (EBA/GL/2018/05, as amended).",qx2053,,,,,,Draft,,,,
PAY_4_2.Domains.Fraud event types,Lost or stolen card,Lost or stolen card,"Member `qx2058` of domain `qET` (Fraud event types) in PAY 4.2. Used as a value of: Event Type. Appears in template(s): Y_03.01, Y_04.01, Y_05.01. Label transcribed verbatim from the layout; for a definition see EBA Guidelines on fraud reporting under PSD2 (EBA/GL/2018/05, as amended).",qx2058,,,,,,Draft,,,,
PAY_4_2.Domains.Fraud event types,Manipulation of the payer by the fraudster to consent to a direct debit,Manipulation of the payer by the fraudster to consent to a direct debit,"Member `qx2064` of domain `qET` (Fraud event types) in PAY 4.2. Used as a value of: Event Type. Appears in template(s): Y_02.01. Label transcribed verbatim from the layout; for a definition see EBA Guidelines on fraud reporting under PSD2 (EBA/GL/2018/05, as amended).",qx2064,,,,,,Draft,,,,
PAY_4_2.Domains.Fraud event types,Manipulation of the payer by the fraudster to issue a payment order,Manipulation of the payer by the fraudster to issue a payment order,"Member `qx2055` of domain `qET` (Fraud event types) in PAY 4.2. Used as a value of: Event Type. Appears in template(s): Y_01.01, Y_06.01. Label transcribed verbatim from the layout; for a definition see EBA Guidelines on fraud reporting under PSD2 (EBA/GL/2018/05, as amended).",qx2055,,,,,,Draft,,,,
PAY_4_2.Domains.Fraud event types,Manipulation of the payer to make a card payment,Manipulation of the payer to make a card payment,"Member `qx2061` of domain `qET` (Fraud event types) in PAY 4.2. Used as a value of: Event Type. Appears in template(s): Y_03.01, Y_04.01. Label transcribed verbatim from the layout; for a definition see EBA Guidelines on fraud reporting under PSD2 (EBA/GL/2018/05, as amended).",qx2061,,,,,,Draft,,,,
PAY_4_2.Domains.Fraud event types,Manipulation of the payer to make a cash withdrawal,Manipulation of the payer to make a cash withdrawal,"Member `qx2060` of domain `qET` (Fraud event types) in PAY 4.2. Used as a value of: Event Type. Appears in template(s): Y_05.01. Label transcribed verbatim from the layout; for a definition see EBA Guidelines on fraud reporting under PSD2 (EBA/GL/2018/05, as amended).",qx2060,,,,,,Draft,,,,
PAY_4_2.Domains.Fraud event types,Modification of a payment order by the fraudster,Modification of a payment order by the fraudster,"Member `qx2054` of domain `qET` (Fraud event types) in PAY 4.2. Used as a value of: Event Type. Appears in template(s): Y_01.01, Y_03.01, Y_04.01, Y_06.01. Label transcribed verbatim from the layout; for a definition see EBA Guidelines on fraud reporting under PSD2 (EBA/GL/2018/05, as amended).",qx2054,,,,,,Draft,,,,
PAY_4_2.Domains.Fraud event types,Other issuance of a payment order by the fraudster,Other issuance of a payment order by the fraudster,"Member `qx2057` of domain `qET` (Fraud event types) in PAY 4.2. Used as a value of: Event Type. Appears in template(s): Y_03.01, Y_04.01, Y_05.01. Label transcribed verbatim from the layout; for a definition see EBA Guidelines on fraud reporting under PSD2 (EBA/GL/2018/05, as amended).",qx2057,,,,,,Draft,,,,
PAY_4_2.Domains.Fraud event types,Unauthorised payment transactions,Unauthorised payment transactions,"Member `qx2063` of domain `qET` (Fraud event types) in PAY 4.2. Used as a value of: Event Type. Appears in template(s): Y_02.01. Label transcribed verbatim from the layout; for a definition see EBA Guidelines on fraud reporting under PSD2 (EBA/GL/2018/05, as amended).",qx2063,,,,,,Draft,,,,
PAY_4_2.Domains,Payment transaction characteristics,Payment transaction characteristics,Domain `qPY` of PAY 4.2: the 31 allowed values for the dimensions that draw on it.,qPY,,,,,,Approved,,,,
PAY_4_2.Domains.Payment transaction characteristics,Acquired,Acquired,"Member `qx2010` of domain `qPY` (Payment transaction characteristics) in PAY 4.2. Used as a value of: Form of payment, Payment issued/acquired. Appears in template(s): Y_04.01, Y_04.02. Label transcribed verbatim from the layout; for a definition see EBA Guidelines on fraud reporting under PSD2 (EBA/GL/2018/05, as amended).",qx2010,,,,,,Draft,,,,
PAY_4_2.Domains.Payment transaction characteristics,Authenticated via non-strong customer authentication,Authenticated via non-strong customer authentication,"Member `qx2027` of domain `qPY` (Payment transaction characteristics) in PAY 4.2. Used as a value of: Type of authentication. Appears in template(s): Y_01.01, Y_03.01, Y_04.01, Y_06.01, Y_08.01. Label transcribed verbatim from the layout; for a definition see EBA Guidelines on fraud reporting under PSD2 (EBA/GL/2018/05, as amended).",qx2027,,,,,,Draft,,,,
PAY_4_2.Domains.Payment transaction characteristics,Authenticated via strong customer authentication,Authenticated via strong customer authentication,"Member `qx2026` of domain `qPY` (Payment transaction characteristics) in PAY 4.2. Used as a value of: Type of authentication. Appears in template(s): Y_01.01, Y_03.01, Y_04.01, Y_06.01, Y_08.01. Label transcribed verbatim from the layout; for a definition see EBA Guidelines on fraud reporting under PSD2 (EBA/GL/2018/05, as amended).",qx2026,,,,,,Draft,,,,
PAY_4_2.Domains.Payment transaction characteristics,Card,Card,"Member `qx2009` of domain `qPY` (Payment transaction characteristics) in PAY 4.2. Used as a value of: Form of payment, Payment issued/acquired. Appears in template(s): Y_03.01, Y_03.02, Y_04.01, Y_04.02. Label transcribed verbatim from the layout; for a definition see EBA Guidelines on fraud reporting under PSD2 (EBA/GL/2018/05, as amended).",qx2009,,,,,,Draft,,,,
PAY_4_2.Domains.Payment transaction characteristics,Cash withdrawals,Cash withdrawals,"Member `qx2001` of domain `qPY` (Payment transaction characteristics) in PAY 4.2. Used as a value of: Form of payment. Appears in template(s): Y_05.01, Y_05.02. Label transcribed verbatim from the layout; for a definition see EBA Guidelines on fraud reporting under PSD2 (EBA/GL/2018/05, as amended).",qx2001,,,,,,Draft,,,,
PAY_4_2.Domains.Payment transaction characteristics,Consent given in another form than an electronic mandate,Consent given in another form than an electronic mandate,"Member `qx2030` of domain `qPY` (Payment transaction characteristics) in PAY 4.2. Used as a value of: Type of consent of payment. Appears in template(s): Y_02.01. Label transcribed verbatim from the layout; for a definition see EBA Guidelines on fraud reporting under PSD2 (EBA/GL/2018/05, as amended).",qx2030,,,,,,Draft,,,,
PAY_4_2.Domains.Payment transaction characteristics,Consent given via an electronic mandate,Consent given via an electronic mandate,"Member `qx2031` of domain `qPY` (Payment transaction characteristics) in PAY 4.2. Used as a value of: Type of consent of payment. Appears in template(s): Y_02.01. Label transcribed verbatim from the layout; for a definition see EBA Guidelines on fraud reporting under PSD2 (EBA/GL/2018/05, as amended).",qx2031,,,,,,Draft,,,,
PAY_4_2.Domains.Payment transaction characteristics,Contactless low value,Contactless low value,"Member `qx2042` of domain `qPY` (Payment transaction characteristics) in PAY 4.2. Used as a value of: Reasons for authentication via non-strong customer authentication. Appears in template(s): Y_01.01, Y_03.01, Y_04.01, Y_06.01. Label transcribed verbatim from the layout; for a definition see EBA Guidelines on fraud reporting under PSD2 (EBA/GL/2018/05, as amended).",qx2042,,,,,,Draft,,,,
PAY_4_2.Domains.Payment transaction characteristics,Credit transfers,Credit transfers,"Member `qx2005` of domain `qPY` (Payment transaction characteristics) in PAY 4.2. Used as a value of: Form of payment. Appears in template(s): Y_01.01, Y_01.02, Y_08.01. Label transcribed verbatim from the layout; for a definition see EBA Guidelines on fraud reporting under PSD2 (EBA/GL/2018/05, as amended).",qx2005,,,,,,Draft,,,,
PAY_4_2.Domains.Payment transaction characteristics,Direct debits,Direct debits,"Member `qx2012` of domain `qPY` (Payment transaction characteristics) in PAY 4.2. Used as a value of: Form of payment. Appears in template(s): Y_02.01, Y_02.02. Label transcribed verbatim from the layout; for a definition see EBA Guidelines on fraud reporting under PSD2 (EBA/GL/2018/05, as amended).",qx2012,,,,,,Draft,,,,
PAY_4_2.Domains.Payment transaction characteristics,E-money,E-money,"Member `qx2008` of domain `qPY` (Payment transaction characteristics) in PAY 4.2. Used as a value of: Form of payment. Appears in template(s): Y_06.01, Y_06.02. Label transcribed verbatim from the layout; for a definition see EBA Guidelines on fraud reporting under PSD2 (EBA/GL/2018/05, as amended).",qx2008,,,,,,Draft,,,,
PAY_4_2.Domains.Payment transaction characteristics,Fraudulent payment transaction,Fraudulent payment transaction,"Member `qx2022` of domain `qPY` (Payment transaction characteristics) in PAY 4.2. Used as a value of: Type of payment transaction. Appears in template(s): Y_01.01, Y_02.01, Y_03.01, Y_04.01, Y_05.01, Y_06.01, Y_07.01, Y_08.01. Label transcribed verbatim from the layout; for a definition see EBA Guidelines on fraud reporting under PSD2 (EBA/GL/2018/05, as amended).",qx2022,,,,,,Draft,,,,
PAY_4_2.Domains.Payment transaction characteristics,Initiated electronically,Initiated electronically,"Member `qx2028` of domain `qPY` (Payment transaction characteristics) in PAY 4.2. Used as a value of: Type of initiation of payments. Appears in template(s): Y_01.01, Y_03.01, Y_04.01. Label transcribed verbatim from the layout; for a definition see EBA Guidelines on fraud reporting under PSD2 (EBA/GL/2018/05, as amended).",qx2028,,,,,,Draft,,,,
PAY_4_2.Domains.Payment transaction characteristics,Initiated non-electronically,Initiated non-electronically,"Member `qx2029` of domain `qPY` (Payment transaction characteristics) in PAY 4.2. Used as a value of: Type of initiation of payments. Appears in template(s): Y_01.01, Y_03.01, Y_04.01. Label transcribed verbatim from the layout; for a definition see EBA Guidelines on fraud reporting under PSD2 (EBA/GL/2018/05, as amended).",qx2029,,,,,,Draft,,,,
PAY_4_2.Domains.Payment transaction characteristics,Initiated via non-remote payment channel,Initiated via non-remote payment channel,"Member `qx2024` of domain `qPY` (Payment transaction characteristics) in PAY 4.2. Used as a value of: Type of initiation of payments, Type of payment channel. Appears in template(s): Y_01.01, Y_03.01, Y_04.01, Y_06.01, Y_08.01. Label transcribed verbatim from the layout; for a definition see EBA Guidelines on fraud reporting under PSD2 (EBA/GL/2018/05, as amended).",qx2024,,,,,,Draft,,,,
PAY_4_2.Domains.Payment transaction characteristics,Initiated via remote payment channel,Initiated via remote payment channel,"Member `qx2025` of domain `qPY` (Payment transaction characteristics) in PAY 4.2. Used as a value of: Type of initiation of payments, Type of payment channel. Appears in template(s): Y_01.01, Y_03.01, Y_04.01, Y_06.01, Y_08.01. Label transcribed verbatim from the layout; for a definition see EBA Guidelines on fraud reporting under PSD2 (EBA/GL/2018/05, as amended).",qx2025,,,,,,Draft,,,,
PAY_4_2.Domains.Payment transaction characteristics,Issued,Issued,"Member `qx2011` of domain `qPY` (Payment transaction characteristics) in PAY 4.2. Used as a value of: Payment issued/acquired. Appears in template(s): Y_03.01, Y_03.02. Label transcribed verbatim from the layout; for a definition see EBA Guidelines on fraud reporting under PSD2 (EBA/GL/2018/05, as amended).",qx2011,,,,,,Draft,,,,
PAY_4_2.Domains.Payment transaction characteristics,Low value,Low value,"Member `qx2033` of domain `qPY` (Payment transaction characteristics) in PAY 4.2. Used as a value of: Reasons for authentication via non-strong customer authentication. Appears in template(s): Y_01.01, Y_03.01, Y_04.01, Y_06.01. Label transcribed verbatim from the layout; for a definition see EBA Guidelines on fraud reporting under PSD2 (EBA/GL/2018/05, as amended).",qx2033,,,,,,Draft,,,,
PAY_4_2.Domains.Payment transaction characteristics,Merchant initiated transactions,Merchant initiated transactions,"Member `qx2039` of domain `qPY` (Payment transaction characteristics) in PAY 4.2. Used as a value of: Reasons for authentication via non-strong customer authentication. Appears in template(s): Y_03.01, Y_04.01, Y_06.01. Label transcribed verbatim from the layout; for a definition see EBA Guidelines on fraud reporting under PSD2 (EBA/GL/2018/05, as amended).",qx2039,,,,,,Draft,,,,
PAY_4_2.Domains.Payment transaction characteristics,Money remittances,Money remittances,"Member `qx2007` of domain `qPY` (Payment transaction characteristics) in PAY 4.2. Used as a value of: Form of payment. Appears in template(s): Y_07.01. Label transcribed verbatim from the layout; for a definition see EBA Guidelines on fraud reporting under PSD2 (EBA/GL/2018/05, as amended).",qx2007,,,,,,Draft,,,,
PAY_4_2.Domains.Payment transaction characteristics,Other reasons for authentication via non-strong customer authentication,Other reasons for authentication via non-strong customer authentication,"Member `qx2040` of domain `qPY` (Payment transaction characteristics) in PAY 4.2. Used as a value of: Reasons for authentication via non-strong customer authentication. Appears in template(s): Y_03.01, Y_04.01, Y_06.01. Label transcribed verbatim from the layout; for a definition see EBA Guidelines on fraud reporting under PSD2 (EBA/GL/2018/05, as amended).",qx2040,,,,,,Draft,,,,
PAY_4_2.Domains.Payment transaction characteristics,Payment to self,Payment to self,"Member `qx2036` of domain `qPY` (Payment transaction characteristics) in PAY 4.2. Used as a value of: Reasons for authentication via non-strong customer authentication. Appears in template(s): Y_01.01, Y_06.01. Label transcribed verbatim from the layout; for a definition see EBA Guidelines on fraud reporting under PSD2 (EBA/GL/2018/05, as amended).",qx2036,,,,,,Draft,,,,
PAY_4_2.Domains.Payment transaction characteristics,Payment transactions,Payment transactions,"Member `qx2000` of domain `qPY` (Payment transaction characteristics) in PAY 4.2. Used as a value of: Type of payment transaction. Appears in template(s): Y_01.01, Y_01.02, Y_02.01, Y_02.02, Y_03.01, Y_03.02, Y_04.01, Y_04.02, Y_05.01, Y_05.02, Y_06.01, Y_06.02, Y_07.01, Y_08.01. Label transcribed verbatim from the layout; for a definition see EBA Guidelines on fraud reporting under PSD2 (EBA/GL/2018/05, as amended).",qx2000,,,,,,Draft,,,,
PAY_4_2.Domains.Payment transaction characteristics,Payment transactions other than credit transfers,Payment transactions other than credit transfers,"Member `qx2023` of domain `qPY` (Payment transaction characteristics) in PAY 4.2. Used as a value of: Form of payment. Appears in template(s): Y_08.01. Label transcribed verbatim from the layout; for a definition see EBA Guidelines on fraud reporting under PSD2 (EBA/GL/2018/05, as amended).",qx2023,,,,,,Draft,,,,
PAY_4_2.Domains.Payment transaction characteristics,Payments with cards with a credit or delayed debit function,Payments with cards with a credit or delayed debit function,"Member `qx2044` of domain `qPY` (Payment transaction characteristics) in PAY 4.2. Used as a value of: Card funtion in payment. Appears in template(s): Y_03.01, Y_04.01, Y_05.01. Label transcribed verbatim from the layout; for a definition see EBA Guidelines on fraud reporting under PSD2 (EBA/GL/2018/05, as amended).",qx2044,,,,,,Draft,,,,
PAY_4_2.Domains.Payment transaction characteristics,Payments with cards with a debit function,Payments with cards with a debit function,"Member `qx2043` of domain `qPY` (Payment transaction characteristics) in PAY 4.2. Used as a value of: Card funtion in payment. Appears in template(s): Y_03.01, Y_04.01, Y_05.01. Label transcribed verbatim from the layout; for a definition see EBA Guidelines on fraud reporting under PSD2 (EBA/GL/2018/05, as amended).",qx2043,,,,,,Draft,,,,
PAY_4_2.Domains.Payment transaction characteristics,Recurring transaction,Recurring transaction,"Member `qx2035` of domain `qPY` (Payment transaction characteristics) in PAY 4.2. Used as a value of: Reasons for authentication via non-strong customer authentication. Appears in template(s): Y_01.01, Y_03.01, Y_04.01, Y_06.01. Label transcribed verbatim from the layout; for a definition see EBA Guidelines on fraud reporting under PSD2 (EBA/GL/2018/05, as amended).",qx2035,,,,,,Draft,,,,
PAY_4_2.Domains.Payment transaction characteristics,Transaction risk analysis,Transaction risk analysis,"Member `qx2038` of domain `qPY` (Payment transaction characteristics) in PAY 4.2. Used as a value of: Reasons for authentication via non-strong customer authentication. Appears in template(s): Y_01.01, Y_03.01, Y_04.01, Y_06.01. Label transcribed verbatim from the layout; for a definition see EBA Guidelines on fraud reporting under PSD2 (EBA/GL/2018/05, as amended).",qx2038,,,,,,Draft,,,,
PAY_4_2.Domains.Payment transaction characteristics,Trusted beneficiary,Trusted beneficiary,"Member `qx2034` of domain `qPY` (Payment transaction characteristics) in PAY 4.2. Used as a value of: Reasons for authentication via non-strong customer authentication. Appears in template(s): Y_01.01, Y_03.01, Y_06.01. Label transcribed verbatim from the layout; for a definition see EBA Guidelines on fraud reporting under PSD2 (EBA/GL/2018/05, as amended).",qx2034,,,,,,Draft,,,,
PAY_4_2.Domains.Payment transaction characteristics,Unattended terminal for transport or parking fares,Unattended terminal for transport or parking fares,"Member `qx2041` of domain `qPY` (Payment transaction characteristics) in PAY 4.2. Used as a value of: Reasons for authentication via non-strong customer authentication. Appears in template(s): Y_01.01, Y_03.01, Y_04.01, Y_06.01. Label transcribed verbatim from the layout; for a definition see EBA Guidelines on fraud reporting under PSD2 (EBA/GL/2018/05, as amended).",qx2041,,,,,,Draft,,,,
PAY_4_2.Domains.Payment transaction characteristics,Use of secure corporate payment processes or protocols,Use of secure corporate payment processes or protocols,"Member `qx2037` of domain `qPY` (Payment transaction characteristics) in PAY 4.2. Used as a value of: Reasons for authentication via non-strong customer authentication. Appears in template(s): Y_01.01, Y_03.01, Y_06.01. Label transcribed verbatim from the layout; for a definition see EBA Guidelines on fraud reporting under PSD2 (EBA/GL/2018/05, as amended).",qx2037,,,,,,Draft,,,,
PAY_4_2.Domains,Payment related parties,Payment related parties,Domain `qRP` of PAY 4.2: the 8 allowed values for the dimensions that draw on it.,qRP,,,,,,Approved,,,,
PAY_4_2.Domains.Payment related parties,Account holder,Account holder,"Member `qx2074` of domain `qRP` (Payment related parties) in PAY 4.2. Used as a value of: Type of user. Appears in template(s): Y_05.02. Label transcribed verbatim from the layout; for a definition see EBA Guidelines on fraud reporting under PSD2 (EBA/GL/2018/05, as amended).",qx2074,,,,,,Draft,,,,
PAY_4_2.Domains.Payment related parties,Others than payment users or service providers,Others than payment users or service providers,"Member `qx2071` of domain `qRP` (Payment related parties) in PAY 4.2. Used as a value of: Payment related parties. Appears in template(s): Y_01.02, Y_02.02, Y_03.02, Y_04.02, Y_05.02, Y_06.02. Label transcribed verbatim from the layout; for a definition see EBA Guidelines on fraud reporting under PSD2 (EBA/GL/2018/05, as amended).",qx2071,,,,,,Draft,,,,
PAY_4_2.Domains.Payment related parties,Payee,Payee,"Member `qx2075` of domain `qRP` (Payment related parties) in PAY 4.2. Used as a value of: Type of user. Appears in template(s): Y_02.02, Y_04.02. Label transcribed verbatim from the layout; for a definition see EBA Guidelines on fraud reporting under PSD2 (EBA/GL/2018/05, as amended).",qx2075,,,,,,Draft,,,,
PAY_4_2.Domains.Payment related parties,Payer,Payer,"Member `qx2076` of domain `qRP` (Payment related parties) in PAY 4.2. Used as a value of: Type of user. Appears in template(s): Y_01.02, Y_03.02. Label transcribed verbatim from the layout; for a definition see EBA Guidelines on fraud reporting under PSD2 (EBA/GL/2018/05, as amended).",qx2076,,,,,,Draft,,,,
PAY_4_2.Domains.Payment related parties,Payment initiation services provider,Payment initiation services provider,"Member `qx2028` of domain `qRP` (Payment related parties) in PAY 4.2. Used as a value of: Payment related parties. Appears in template(s): Y_01.01, Y_08.01. Label transcribed verbatim from the layout; for a definition see EBA Guidelines on fraud reporting under PSD2 (EBA/GL/2018/05, as amended).",qx2028,,,,,,Draft,,,,
PAY_4_2.Domains.Payment related parties,Payment service provider,Payment service provider,"Member `qx2072` of domain `qRP` (Payment related parties) in PAY 4.2. Used as a value of: Payment related parties. Appears in template(s): Y_01.02, Y_02.02, Y_03.02, Y_04.02, Y_05.02, Y_06.02. Label transcribed verbatim from the layout; for a definition see EBA Guidelines on fraud reporting under PSD2 (EBA/GL/2018/05, as amended).",qx2072,,,,,,Draft,,,,
PAY_4_2.Domains.Payment related parties,Payment service user,Payment service user,"Member `qx2083` of domain `qRP` (Payment related parties) in PAY 4.2. Used as a value of: Payment related parties. Appears in template(s): Y_01.02, Y_02.02, Y_03.02, Y_04.02, Y_05.02, Y_06.02. Label transcribed verbatim from the layout; for a definition see EBA Guidelines on fraud reporting under PSD2 (EBA/GL/2018/05, as amended).",qx2083,,,,,,Draft,,,,
PAY_4_2.Domains.Payment related parties,Reporting entity,Reporting entity,"Member `qx2005` of domain `qRP` (Payment related parties) in PAY 4.2. Used as a value of: Relationships. Appears in template(s): Y_01.02, Y_02.02, Y_03.02, Y_04.02, Y_05.02, Y_06.02. Label transcribed verbatim from the layout; for a definition see EBA Guidelines on fraud reporting under PSD2 (EBA/GL/2018/05, as amended).",qx2005,,,,,,Draft,,,,
PAY_4_2.Dimensions,Card funtion in payment,Card funtion in payment,Dimension `qCYY` of PAY 4.2. Draws its values from domain `qPY` (Payment transaction characteristics).,qCYY,PAY_4_2.Domains.Payment transaction characteristics,,,,,Draft,,,,
PAY_4_2.Dimensions,Event Type,Event Type,Dimension `qEEB` of PAY 4.2. Draws its values from domain `qET` (Fraud event types).,qEEB,PAY_4_2.Domains.Fraud event types,,,,,Draft,,,,
PAY_4_2.Dimensions,Form of payment,Form of payment,Dimension `qKJI` of PAY 4.2. Draws its values from domain `qPY` (Payment transaction characteristics).,qKJI,PAY_4_2.Domains.Payment transaction characteristics,,,,,Draft,,,,
PAY_4_2.Dimensions,Payment issued/acquired,Payment issued/acquired,Dimension `qKJJ` of PAY 4.2. Draws its values from domain `qPY` (Payment transaction characteristics).,qKJJ,PAY_4_2.Domains.Payment transaction characteristics,,,,,Draft,,,,
PAY_4_2.Dimensions,Payment related parties,Payment related parties,Dimension `qKKL` of PAY 4.2. Draws its values from domain `qRP` (Payment related parties).,qKKL,PAY_4_2.Domains.Payment related parties,,,,,Draft,,,,
PAY_4_2.Dimensions,Payment transactions geographical breakdown,Payment transactions geographical breakdown,Dimension `PTG` of PAY 4.2. Draws its values from domain `GA` (Geographical breakdown).,PTG,PAY_4_2.Domains.Geographical breakdown,,,,,Draft,,,,
PAY_4_2.Dimensions,Reasons for authentication via non-strong customer authentication,Reasons for authentication via non-strong customer authentication,Dimension `qRCA` of PAY 4.2. Draws its values from domain `qPY` (Payment transaction characteristics).,qRCA,PAY_4_2.Domains.Payment transaction characteristics,,,,,Draft,,,,
PAY_4_2.Dimensions,Relationships,Relationships,Dimension `qBEA` of PAY 4.2. Draws its values from domain `qRP` (Payment related parties).,qBEA,PAY_4_2.Domains.Payment related parties,,,,,Draft,,,,
PAY_4_2.Dimensions,Type of authentication,Type of authentication,Dimension `qBOM` of PAY 4.2. Draws its values from domain `qPY` (Payment transaction characteristics).,qBOM,PAY_4_2.Domains.Payment transaction characteristics,,,,,Draft,,,,
PAY_4_2.Dimensions,Type of consent of payment,Type of consent of payment,Dimension `qTCO` of PAY 4.2. Draws its values from domain `qPY` (Payment transaction characteristics).,qTCO,PAY_4_2.Domains.Payment transaction characteristics,,,,,Draft,,,,
PAY_4_2.Dimensions,Type of initiation of payments,Type of initiation of payments,Dimension `qTII` of PAY 4.2. Draws its values from domain `qPY` (Payment transaction characteristics).,qTII,PAY_4_2.Domains.Payment transaction characteristics,,,,,Draft,,,,
PAY_4_2.Dimensions,Type of payment channel,Type of payment channel,Dimension `qBXW` of PAY 4.2. Draws its values from domain `qPY` (Payment transaction characteristics).,qBXW,PAY_4_2.Domains.Payment transaction characteristics,,,,,Draft,,,,
PAY_4_2.Dimensions,Type of payment transaction,Type of payment transaction,Dimension `qZZV` of PAY 4.2. Draws its values from domain `qPY` (Payment transaction characteristics).,qZZV,PAY_4_2.Domains.Payment transaction characteristics,,,,,Draft,,,,
PAY_4_2.Dimensions,Type of user,Type of user,Dimension `qBAN` of PAY 4.2. Draws its values from domain `qRP` (Payment related parties).,qBAN,PAY_4_2.Domains.Payment related parties,,,,,Draft,,,,
PAY_4_2.Metrics,Amount of losses,Amount of losses,Metric `qAFY` of PAY 4.2. Unit: €£$. Non-negative.,qAFY,,,,,,Draft,,,,
PAY_4_2.Metrics,Amount of payment,Amount of payment,Metric `qAJN` of PAY 4.2. Unit: €£$. Non-negative.,qAJN,,,,,,Draft,,,,
PAY_4_2.Metrics,Number of transactions,Number of transactions,Metric `qGAE` of PAY 4.2. Unit: #. Non-negative.,qGAE,,,,,,Draft,,,,
