template,row_code,column_code,variant,datapoint_id,sign
Y_01.01,0010,0010,0010,3264309,positive
Y_01.01,0010,0010,0020,3260072,positive
Y_01.01,0010,0010,0030,3260968,positive
Y_01.01,0010,0010,0040,3263386,positive
Y_01.01,0010,0010,0050,3260980,positive
Y_01.01,0010,0010,0060,3263397,positive
Y_01.01,0010,0020,0010,3260852,positive
Y_01.01,0010,0020,0020,3263041,positive
Y_01.01,0010,0020,0030,3263922,positive
Y_01.01,0010,0020,0040,3259686,positive
Y_01.01,0010,0020,0050,3263933,positive
Y_01.01,0010,0020,0060,3259698,positive
Y_01.01,0020,0010,0010,3260996,positive
Y_01.01,0020,0010,0020,3263415,positive
Y_01.01,0020,0010,0030,3264296,positive
Y_01.01,0020,0010,0040,3260058,positive
Y_01.01,0020,0010,0050,3260987,positive
Y_01.01,0020,0010,0060,3263405,positive
Y_01.01,0020,0020,0010,3263953,positive
Y_01.01,0020,0020,0020,3259944,positive
Y_01.01,0020,0020,0030,3263929,positive
Y_01.01,0020,0020,0040,3259694,positive
Y_01.01,0020,0020,0050,3263941,positive
Y_01.01,0020,0020,0060,3259706,positive
Y_01.01,0030,0010,0010,3264318,positive
Y_01.01,0030,0010,0020,3260079,positive
Y_01.01,0030,0010,0030,3260976,positive
Y_01.01,0030,0010,0040,3263394,positive
Y_01.01,0030,0010,0050,3264305,positive
Y_01.01,0030,0010,0060,3260068,positive
Y_01.01,0030,0020,0010,3263955,positive
Y_01.01,0030,0020,0020,3259946,positive
Y_01.01,0030,0020,0030,3260841,positive
Y_01.01,0030,0020,0040,3263030,positive
Y_01.01,0030,0020,0050,3263942,positive
Y_01.01,0030,0020,0060,3259707,positive
Y_01.01,0040,0010,0010,3264317,positive
Y_01.01,0040,0010,0020,3260078,positive
Y_01.01,0040,0010,0030,3260975,positive
Y_01.01,0040,0010,0040,3263393,positive
Y_01.01,0040,0010,0050,3260988,positive
Y_01.01,0040,0010,0060,3260067,positive
Y_01.01,0040,0020,0010,3263954,positive
Y_01.01,0040,0020,0020,3259945,positive
Y_01.01,0040,0020,0030,3260840,positive
Y_01.01,0040,0020,0040,3263029,positive
Y_01.01,0040,0020,0050,3260849,positive
Y_01.01,0040,0020,0060,3263038,positive
Y_01.01,0050,0010,0010,3264319,positive
Y_01.01,0050,0010,0020,3263416,positive
Y_01.01,0050,0010,0030,3264297,positive
Y_01.01,0050,0010,0040,3260059,positive
Y_01.01,0050,0010,0050,3264306,positive
Y_01.01,0050,0010,0060,3260069,positive
Y_01.01,0050,0020,0010,3260858,positive
Y_01.01,0050,0020,0020,3263047,positive
Y_01.01,0050,0020,0030,3263930,positive
Y_01.01,0050,0020,0040,3263031,positive
Y_01.01,0050,0020,0050,3260850,positive
Y_01.01,0050,0020,0060,3263039,positive
Y_01.01,0060,0010,0010,3260997,positive
Y_01.01,0060,0010,0020,3263417,positive
Y_01.01,0060,0010,0030,3264298,positive
Y_01.01,0060,0010,0040,3260060,positive
Y_01.01,0060,0010,0050,3264307,positive
Y_01.01,0060,0010,0060,3260070,positive
Y_01.01,0060,0020,0010,3260859,positive
Y_01.01,0060,0020,0020,3263048,positive
Y_01.01,0060,0020,0030,3263931,positive
Y_01.01,0060,0020,0040,3259695,positive
Y_01.01,0060,0020,0050,3263943,positive
Y_01.01,0060,0020,0060,3259934,positive
Y_01.01,0080,0020,0010,3263798,positive
Y_01.01,0080,0020,0020,3259561,positive
Y_01.01,0080,0020,0030,3263794,positive
Y_01.01,0080,0020,0040,3259558,positive
Y_01.01,0080,0020,0050,3263796,positive
Y_01.01,0080,0020,0060,3259560,positive
Y_01.01,0090,0020,0010,3263877,positive
Y_01.01,0090,0020,0020,3259641,positive
Y_01.01,0090,0020,0030,3260559,positive
Y_01.01,0090,0020,0040,3262976,positive
Y_01.01,0090,0020,0050,3260562,positive
Y_01.01,0090,0020,0060,3259637,positive
Y_01.01,0100,0020,0010,3260587,positive
Y_01.01,0100,0020,0020,3263003,positive
Y_01.01,0100,0020,0030,3260583,positive
Y_01.01,0100,0020,0040,3262999,positive
Y_01.01,0100,0020,0050,3260585,positive
Y_01.01,0100,0020,0060,3263001,positive
Y_01.01,0110,0010,0010,3264320,positive
Y_01.01,0110,0010,0020,3260080,positive
Y_01.01,0110,0010,0030,3260977,positive
Y_01.01,0110,0010,0040,3260061,positive
Y_01.01,0110,0010,0050,3264308,positive
Y_01.01,0110,0010,0060,3260071,positive
Y_01.01,0110,0020,0010,3263956,positive
Y_01.01,0110,0020,0020,3263049,positive
Y_01.01,0110,0020,0030,3263932,positive
Y_01.01,0110,0020,0040,3259696,positive
Y_01.01,0110,0020,0050,3263944,positive
Y_01.01,0110,0020,0060,3259935,positive
Y_01.01,0130,0020,0010,3260471,positive
Y_01.01,0130,0020,0020,3262888,positive
Y_01.01,0130,0020,0030,3263795,positive
Y_01.01,0130,0020,0040,3259559,positive
Y_01.01,0130,0020,0050,3263797,positive
Y_01.01,0130,0020,0060,3262885,positive
Y_01.01,0140,0020,0010,3263878,positive
Y_01.01,0140,0020,0020,3259642,positive
Y_01.01,0140,0020,0030,3260560,positive
Y_01.01,0140,0020,0040,3262977,positive
Y_01.01,0140,0020,0050,3263874,positive
Y_01.01,0140,0020,0060,3259638,positive
Y_01.01,0150,0020,0010,3263901,positive
Y_01.01,0150,0020,0020,3259665,positive
Y_01.01,0150,0020,0030,3263897,positive
Y_01.01,0150,0020,0040,3259661,positive
Y_01.01,0150,0020,0050,3263899,positive
Y_01.01,0150,0020,0060,3259663,positive
Y_01.01,0170,0010,0010,3264310,positive
Y_01.01,0170,0010,0020,3263409,positive
Y_01.01,0170,0010,0030,3264291,positive
Y_01.01,0170,0010,0040,3260053,positive
Y_01.01,0170,0010,0050,3264300,positive
Y_01.01,0170,0010,0060,3260063,positive
Y_01.01,0170,0020,0010,3260853,positive
Y_01.01,0170,0020,0020,3263042,positive
Y_01.01,0170,0020,0030,3263923,positive
Y_01.01,0170,0020,0040,3259687,positive
Y_01.01,0170,0020,0050,3263934,positive
Y_01.01,0170,0020,0060,3259699,positive
Y_01.01,0180,0010,0010,3264311,positive
Y_01.01,0180,0010,0020,3263410,positive
Y_01.01,0180,0010,0030,3264292,positive
Y_01.01,0180,0010,0040,3260054,positive
Y_01.01,0180,0010,0050,3264301,positive
Y_01.01,0180,0010,0060,3260064,positive
Y_01.01,0180,0020,0010,3260854,positive
Y_01.01,0180,0020,0020,3263043,positive
Y_01.01,0180,0020,0030,3263924,positive
Y_01.01,0180,0020,0040,3259688,positive
Y_01.01,0180,0020,0050,3263935,positive
Y_01.01,0180,0020,0060,3259700,positive
Y_01.01,0190,0010,0010,3260993,positive
Y_01.01,0190,0010,0020,3263412,positive
Y_01.01,0190,0010,0030,3264293,positive
Y_01.01,0190,0010,0040,3260055,positive
Y_01.01,0190,0010,0050,3264302,positive
Y_01.01,0190,0010,0060,3260065,positive
Y_01.01,0190,0020,0010,3260855,positive
Y_01.01,0190,0020,0020,3263044,positive
Y_01.01,0190,0020,0030,3263925,positive
Y_01.01,0190,0020,0040,3259689,positive
Y_01.01,0190,0020,0050,3260845,positive
Y_01.01,0190,0020,0060,3263034,positive
Y_01.01,0200,0010,0010,3264313,positive
Y_01.01,0200,0010,0020,3260074,positive
Y_01.01,0200,0010,0030,3260971,positive
Y_01.01,0200,0010,0040,3263389,positive
Y_01.01,0200,0010,0050,3260983,positive
Y_01.01,0200,0010,0060,3263400,positive
Y_01.01,0200,0020,0010,3263949,positive
Y_01.01,0200,0020,0020,3259940,positive
Y_01.01,0200,0020,0030,3260611,positive
Y_01.01,0200,0020,0040,3263026,positive
Y_01.01,0200,0020,0050,3263938,positive
Y_01.01,0200,0020,0060,3259703,positive
Y_01.01,0210,0010,0010,3264314,positive
Y_01.01,0210,0010,0020,3260076,positive
Y_01.01,0210,0010,0030,3260973,positive
Y_01.01,0210,0010,0040,3263391,positive
Y_01.01,0210,0010,0050,3260985,positive
Y_01.01,0210,0010,0060,3263402,positive
Y_01.01,0210,0020,0010,3263951,positive
Y_01.01,0210,0020,0020,3259942,positive
Y_01.01,0210,0020,0030,3260839,positive
Y_01.01,0210,0020,0040,3263028,positive
Y_01.01,0210,0020,0050,3260846,positive
Y_01.01,0210,0020,0060,3263035,positive
Y_01.01,0220,0010,0010,3260995,positive
Y_01.01,0220,0010,0020,3263413,positive
Y_01.01,0220,0010,0030,3264294,positive
Y_01.01,0220,0010,0040,3260056,positive
Y_01.01,0220,0010,0050,3264303,positive
Y_01.01,0220,0010,0060,3263403,positive
Y_01.01,0220,0020,0010,3260856,positive
Y_01.01,0220,0020,0020,3263045,positive
Y_01.01,0220,0020,0030,3263926,positive
Y_01.01,0220,0020,0040,3259691,positive
Y_01.01,0220,0020,0050,3260847,positive
Y_01.01,0220,0020,0060,3263036,positive
Y_01.01,0230,0010,0010,3260998,positive
Y_01.01,0230,0010,0020,3263418,positive
Y_01.01,0230,0010,0030,3260978,positive
Y_01.01,0230,0010,0040,3263395,positive
Y_01.01,0230,0010,0050,3260989,positive
Y_01.01,0230,0010,0060,3263406,positive
Y_01.01,0230,0020,0010,3260860,positive
Y_01.01,0230,0020,0020,3263050,positive
Y_01.01,0230,0020,0030,3260842,positive
Y_01.01,0230,0020,0040,3263032,positive
Y_01.01,0230,0020,0050,3260851,positive
Y_01.01,0230,0020,0060,3263040,positive
Y_01.01,0240,0010,0010,3260999,positive
Y_01.01,0240,0010,0020,3263419,positive
Y_01.01,0240,0010,0030,3264299,positive
Y_01.01,0240,0010,0040,3260062,positive
Y_01.01,0240,0010,0050,3260990,positive
Y_01.01,0240,0010,0060,3263407,positive
Y_01.01,0240,0020,0010,3263957,positive
Y_01.01,0240,0020,0020,3259947,positive
Y_01.01,0240,0020,0030,3260843,positive
Y_01.01,0240,0020,0040,3263033,positive
Y_01.01,0240,0020,0050,3263945,positive
Y_01.01,0240,0020,0060,3259936,positive
Y_01.01,0260,0020,0010,3260472,positive
Y_01.01,0260,0020,0020,3262889,positive
Y_01.01,0260,0020,0030,3260467,positive
Y_01.01,0260,0020,0040,3262883,positive
Y_01.01,0260,0020,0050,3260469,positive
Y_01.01,0260,0020,0060,3262886,positive
Y_01.01,0270,0020,0010,3260563,positive
Y_01.01,0270,0020,0020,3262979,positive
Y_01.01,0270,0020,0030,3260561,positive
Y_01.01,0270,0020,0040,3262978,positive
Y_01.01,0270,0020,0050,3263875,positive
Y_01.01,0270,0020,0060,3259639,positive
Y_01.01,0280,0020,0010,3260588,positive
Y_01.01,0280,0020,0020,3259666,positive
Y_01.01,0280,0020,0030,3260584,positive
Y_01.01,0280,0020,0040,3263000,positive
Y_01.01,0280,0020,0050,3260586,positive
Y_01.01,0280,0020,0060,3263002,positive
Y_01.01,0290,0010,0010,3264321,positive
Y_01.01,0290,0010,0020,3260081,positive
Y_01.01,0290,0010,0030,3260979,positive
Y_01.01,0290,0010,0040,3263396,positive
Y_01.01,0290,0010,0050,3260991,positive
Y_01.01,0290,0010,0060,3263408,positive
Y_01.01,0290,0020,0010,3263958,positive
Y_01.01,0290,0020,0020,3259948,positive
Y_01.01,0290,0020,0030,3260844,positive
Y_01.01,0290,0020,0040,3259697,positive
Y_01.01,0290,0020,0050,3263946,positive
Y_01.01,0290,0020,0060,3259937,positive
Y_01.01,0310,0020,0010,3260473,positive
Y_01.01,0310,0020,0020,3262890,positive
Y_01.01,0310,0020,0030,3260468,positive
Y_01.01,0310,0020,0040,3262884,positive
Y_01.01,0310,0020,0050,3260470,positive
Y_01.01,0310,0020,0060,3262887,positive
Y_01.01,0320,0020,0010,3260564,positive
Y_01.01,0320,0020,0020,3262980,positive
Y_01.01,0320,0020,0030,3263873,positive
Y_01.01,0320,0020,0040,3259636,positive
Y_01.01,0320,0020,0050,3263876,positive
Y_01.01,0320,0020,0060,3259640,positive
Y_01.01,0330,0020,0010,3263902,positive
Y_01.01,0330,0020,0020,3259667,positive
Y_01.01,0330,0020,0030,3263898,positive
Y_01.01,0330,0020,0040,3259662,positive
Y_01.01,0330,0020,0050,3263900,positive
Y_01.01,0330,0020,0060,3259664,positive
Y_01.01,0350,0010,0010,3260992,positive
Y_01.01,0350,0010,0020,3263411,positive
Y_01.01,0350,0010,0030,3260969,positive
Y_01.01,0350,0010,0040,3263387,positive
Y_01.01,0350,0010,0050,3260981,positive
Y_01.01,0350,0010,0060,3263398,positive
Y_01.01,0350,0020,0010,3263947,positive
Y_01.01,0350,0020,0020,3259938,positive
Y_01.01,0350,0020,0030,3260609,positive
Y_01.01,0350,0020,0040,3263025,positive
Y_01.01,0350,0020,0050,3263936,positive
Y_01.01,0350,0020,0060,3259701,positive
Y_01.01,0360,0010,0010,3264312,positive
Y_01.01,0360,0010,0020,3260073,positive
Y_01.01,0360,0010,0030,3260970,positive
Y_01.01,0360,0010,0040,3263388,positive
Y_01.01,0360,0010,0050,3260982,positive
Y_01.01,0360,0010,0060,3263399,positive
Y_01.01,0360,0020,0010,3263948,positive
Y_01.01,0360,0020,0020,3259939,positive
Y_01.01,0360,0020,0030,3260610,positive
Y_01.01,0360,0020,0040,3259690,positive
Y_01.01,0360,0020,0050,3263937,positive
Y_01.01,0360,0020,0060,3259702,positive
Y_01.01,0370,0010,0010,3260994,positive
Y_01.01,0370,0010,0020,3260075,positive
Y_01.01,0370,0010,0030,3260972,positive
Y_01.01,0370,0010,0040,3263390,positive
Y_01.01,0370,0010,0050,3260984,positive
Y_01.01,0370,0010,0060,3263401,positive
Y_01.01,0370,0020,0010,3263950,positive
Y_01.01,0370,0020,0020,3259941,positive
Y_01.01,0370,0020,0030,3260838,positive
Y_01.01,0370,0020,0040,3263027,positive
Y_01.01,0370,0020,0050,3263939,positive
Y_01.01,0370,0020,0060,3259704,positive
Y_01.01,0380,0010,0010,3264315,positive
Y_01.01,0380,0010,0020,3260077,positive
Y_01.01,0380,0010,0030,3260974,positive
Y_01.01,0380,0010,0040,3263392,positive
Y_01.01,0380,0010,0050,3260986,positive
Y_01.01,0380,0010,0060,3263404,positive
Y_01.01,0380,0020,0010,3263952,positive
Y_01.01,0380,0020,0020,3259943,positive
Y_01.01,0380,0020,0030,3263927,positive
Y_01.01,0380,0020,0040,3259692,positive
Y_01.01,0380,0020,0050,3263940,positive
Y_01.01,0380,0020,0060,3259705,positive
Y_01.01,0390,0010,0010,3264316,positive
Y_01.01,0390,0010,0020,3263414,positive
Y_01.01,0390,0010,0030,3264295,positive
Y_01.01,0390,0010,0040,3260057,positive
Y_01.01,0390,0010,0050,3264304,positive
Y_01.01,0390,0010,0060,3260066,positive
Y_01.01,0390,0020,0010,3260857,positive
Y_01.01,0390,0020,0020,3263046,positive
Y_01.01,0390,0020,0030,3263928,positive
Y_01.01,0390,0020,0040,3259693,positive
Y_01.01,0390,0020,0050,3260848,positive
Y_01.01,0390,0020,0060,3263037,positive
Y_01.02,0010,0010,"",3259163,positive
Y_01.02,0020,0010,"",3262495,positive
Y_01.02,0030,0010,"",3262496,positive
Y_02.01,0010,0010,0010,3264322,positive
Y_02.01,0010,0010,0020,3260082,positive
Y_02.01,0010,0010,0030,3261000,positive
Y_02.01,0010,0010,0040,3263420,positive
Y_02.01,0010,0010,0050,3261001,positive
Y_02.01,0010,0010,0060,3263421,positive
Y_02.01,0010,0020,0010,3260862,positive
Y_02.01,0010,0020,0020,3263052,positive
Y_02.01,0010,0020,0030,3260861,positive
Y_02.01,0010,0020,0040,3263051,positive
Y_02.01,0010,0020,0050,3263959,positive
Y_02.01,0010,0020,0060,3259949,positive
Y_02.01,0020,0010,0010,3263788,positive
Y_02.01,0020,0010,0020,3259553,positive
Y_02.01,0020,0010,0030,3263787,positive
Y_02.01,0020,0010,0040,3259552,positive
Y_02.01,0020,0010,0050,3260459,positive
Y_02.01,0020,0010,0060,3262874,positive
Y_02.01,0020,0020,0010,3263786,positive
Y_02.01,0020,0020,0020,3259551,positive
Y_02.01,0020,0020,0030,3263785,positive
Y_02.01,0020,0020,0040,3259550,positive
Y_02.01,0020,0020,0050,3260458,positive
Y_02.01,0020,0020,0060,3262873,positive
Y_02.01,0040,0020,0010,3260457,positive
Y_02.01,0040,0020,0020,3262872,positive
Y_02.01,0040,0020,0030,3263783,positive
Y_02.01,0040,0020,0040,3259549,positive
Y_02.01,0040,0020,0050,3263784,positive
Y_02.01,0040,0020,0060,3262871,positive
Y_02.01,0050,0020,0010,3260456,positive
Y_02.01,0050,0020,0020,3262870,positive
Y_02.01,0050,0020,0030,3260455,positive
Y_02.01,0050,0020,0040,3262869,positive
Y_02.01,0050,0020,0050,3263782,positive
Y_02.01,0050,0020,0060,3259548,positive
Y_02.01,0060,0010,0010,3260466,positive
Y_02.01,0060,0010,0020,3262882,positive
Y_02.01,0060,0010,0030,3260465,positive
Y_02.01,0060,0010,0040,3262881,positive
Y_02.01,0060,0010,0050,3263793,positive
Y_02.01,0060,0010,0060,3259557,positive
Y_02.01,0060,0020,0010,3260464,positive
Y_02.01,0060,0020,0020,3262880,positive
Y_02.01,0060,0020,0030,3260463,positive
Y_02.01,0060,0020,0040,3262879,positive
Y_02.01,0060,0020,0050,3263792,positive
Y_02.01,0060,0020,0060,3259556,positive
Y_02.01,0080,0020,0010,3263791,positive
Y_02.01,0080,0020,0020,3262878,positive
Y_02.01,0080,0020,0030,3260462,positive
Y_02.01,0080,0020,0040,3262877,positive
Y_02.01,0080,0020,0050,3263790,positive
Y_02.01,0080,0020,0060,3259555,positive
Y_02.01,0090,0020,0010,3263789,positive
Y_02.01,0090,0020,0020,3259554,positive
Y_02.01,0090,0020,0030,3260460,positive
Y_02.01,0090,0020,0040,3262875,positive
Y_02.01,0090,0020,0050,3260461,positive
Y_02.01,0090,0020,0060,3262876,positive
Y_02.02,0010,0010,"",3259164,positive
Y_02.02,0020,0010,"",3262497,positive
Y_02.02,0030,0010,"",3259165,positive
Y_03.01,0010,0010,0010,3261026,positive
Y_03.01,0010,0010,0020,3263444,positive
Y_03.01,0010,0010,0030,3264323,positive
Y_03.01,0010,0010,0040,3260083,positive
Y_03.01,0010,0010,0050,3264331,positive
Y_03.01,0010,0010,0060,3260091,positive
Y_03.01,0010,0020,0010,3264206,positive
Y_03.01,0010,0020,0020,3259969,positive
Y_03.01,0010,0020,0030,3260863,positive
Y_03.01,0010,0020,0040,3263053,positive
Y_03.01,0010,0020,0050,3263969,positive
Y_03.01,0010,0020,0060,3259958,positive
Y_03.01,0020,0010,0010,3264348,positive
Y_03.01,0020,0010,0020,3260111,positive
Y_03.01,0020,0010,0030,3261009,positive
Y_03.01,0020,0010,0040,3263429,positive
Y_03.01,0020,0010,0050,3261023,positive
Y_03.01,0020,0010,0060,3260098,positive
Y_03.01,0020,0020,0010,3264213,positive
Y_03.01,0020,0020,0020,3259975,positive
Y_03.01,0020,0020,0030,3260871,positive
Y_03.01,0020,0020,0040,3263063,positive
Y_03.01,0020,0020,0050,3260882,positive
Y_03.01,0020,0020,0060,3263073,positive
Y_03.01,0030,0010,0010,3264347,positive
Y_03.01,0030,0010,0020,3260110,positive
Y_03.01,0030,0010,0030,3261008,positive
Y_03.01,0030,0010,0040,3263428,positive
Y_03.01,0030,0010,0050,3261022,positive
Y_03.01,0030,0010,0060,3263441,positive
Y_03.01,0030,0020,0010,3260891,positive
Y_03.01,0030,0020,0020,3263309,positive
Y_03.01,0030,0020,0030,3260870,positive
Y_03.01,0030,0020,0040,3263062,positive
Y_03.01,0030,0020,0050,3260881,positive
Y_03.01,0030,0020,0060,3263072,positive
Y_03.01,0040,0010,0010,3264349,positive
Y_03.01,0040,0010,0020,3260112,positive
Y_03.01,0040,0010,0030,3261010,positive
Y_03.01,0040,0010,0040,3263430,positive
Y_03.01,0040,0010,0050,3264337,positive
Y_03.01,0040,0010,0060,3260099,positive
Y_03.01,0040,0020,0010,3260892,positive
Y_03.01,0040,0020,0020,3263310,positive
Y_03.01,0040,0020,0030,3263966,positive
Y_03.01,0040,0020,0040,3259954,positive
Y_03.01,0040,0020,0050,3260883,positive
Y_03.01,0040,0020,0060,3263300,positive
Y_03.01,0060,0010,0010,3263763,positive
Y_03.01,0060,0010,0020,3259528,positive
Y_03.01,0060,0010,0030,3263761,positive
Y_03.01,0060,0010,0040,3259526,positive
Y_03.01,0060,0010,0050,3260432,positive
Y_03.01,0060,0010,0060,3262621,positive
Y_03.01,0060,0020,0010,3263754,positive
Y_03.01,0060,0020,0020,3259519,positive
Y_03.01,0060,0020,0030,3263752,positive
Y_03.01,0060,0020,0040,3259517,positive
Y_03.01,0060,0020,0050,3260426,positive
Y_03.01,0060,0020,0060,3262615,positive
Y_03.01,0070,0010,0010,3263776,positive
Y_03.01,0070,0010,0020,3259542,positive
Y_03.01,0070,0010,0030,3263774,positive
Y_03.01,0070,0010,0040,3259540,positive
Y_03.01,0070,0010,0050,3260449,positive
Y_03.01,0070,0010,0060,3262863,positive
Y_03.01,0070,0020,0010,3263769,positive
Y_03.01,0070,0020,0020,3259535,positive
Y_03.01,0070,0020,0030,3263767,positive
Y_03.01,0070,0020,0040,3259533,positive
Y_03.01,0070,0020,0050,3260441,positive
Y_03.01,0070,0020,0060,3262855,positive
Y_03.01,0080,0010,0010,3264350,positive
Y_03.01,0080,0010,0020,3263450,positive
Y_03.01,0080,0010,0030,3264330,positive
Y_03.01,0080,0010,0040,3260090,positive
Y_03.01,0080,0010,0050,3264338,positive
Y_03.01,0080,0010,0060,3260100,positive
Y_03.01,0080,0020,0010,3264214,positive
Y_03.01,0080,0020,0020,3259976,positive
Y_03.01,0080,0020,0030,3260872,positive
Y_03.01,0080,0020,0040,3259955,positive
Y_03.01,0080,0020,0050,3263976,positive
Y_03.01,0080,0020,0060,3259965,positive
Y_03.01,0100,0020,0010,3260480,positive
Y_03.01,0100,0020,0020,3262897,positive
Y_03.01,0100,0020,0030,3260474,positive
Y_03.01,0100,0020,0040,3262891,positive
Y_03.01,0100,0020,0050,3260477,positive
Y_03.01,0100,0020,0060,3262894,positive
Y_03.01,0110,0020,0010,3260503,positive
Y_03.01,0110,0020,0020,3262920,positive
Y_03.01,0110,0020,0030,3263812,positive
Y_03.01,0110,0020,0040,3259576,positive
Y_03.01,0110,0020,0050,3263815,positive
Y_03.01,0110,0020,0060,3259578,positive
Y_03.01,0120,0020,0010,3260516,positive
Y_03.01,0120,0020,0020,3262934,positive
Y_03.01,0120,0020,0030,3263826,positive
Y_03.01,0120,0020,0040,3259588,positive
Y_03.01,0120,0020,0050,3263830,positive
Y_03.01,0120,0020,0060,3259592,positive
Y_03.01,0130,0020,0010,3260530,positive
Y_03.01,0130,0020,0020,3262947,positive
Y_03.01,0130,0020,0030,3260526,positive
Y_03.01,0130,0020,0040,3259602,positive
Y_03.01,0130,0020,0050,3263841,positive
Y_03.01,0130,0020,0060,3259604,positive
Y_03.01,0140,0020,0010,3263856,positive
Y_03.01,0140,0020,0020,3259619,positive
Y_03.01,0140,0020,0030,3260539,positive
Y_03.01,0140,0020,0040,3262956,positive
Y_03.01,0140,0020,0050,3260540,positive
Y_03.01,0140,0020,0060,3262957,positive
Y_03.01,0150,0020,0010,3260549,positive
Y_03.01,0150,0020,0020,3262966,positive
Y_03.01,0150,0020,0030,3263859,positive
Y_03.01,0150,0020,0040,3259623,positive
Y_03.01,0150,0020,0050,3263862,positive
Y_03.01,0150,0020,0060,3259625,positive
Y_03.01,0160,0020,0010,3260568,positive
Y_03.01,0160,0020,0020,3262984,positive
Y_03.01,0160,0020,0030,3260565,positive
Y_03.01,0160,0020,0040,3262981,positive
Y_03.01,0160,0020,0050,3263881,positive
Y_03.01,0160,0020,0060,3259645,positive
Y_03.01,0170,0020,0010,3263913,positive
Y_03.01,0170,0020,0020,3263014,positive
Y_03.01,0170,0020,0030,3263909,positive
Y_03.01,0170,0020,0040,3259674,positive
Y_03.01,0170,0020,0050,3260597,positive
Y_03.01,0170,0020,0060,3263012,positive
Y_03.01,0180,0010,0010,3264351,positive
Y_03.01,0180,0010,0020,3260113,positive
Y_03.01,0180,0010,0030,3261011,positive
Y_03.01,0180,0010,0040,3263431,positive
Y_03.01,0180,0010,0050,3264339,positive
Y_03.01,0180,0010,0060,3260101,positive
Y_03.01,0180,0020,0010,3264215,positive
Y_03.01,0180,0020,0020,3259977,positive
Y_03.01,0180,0020,0030,3260873,positive
Y_03.01,0180,0020,0040,3263064,positive
Y_03.01,0180,0020,0050,3263977,positive
Y_03.01,0180,0020,0060,3259966,positive
Y_03.01,0200,0020,0010,3260481,positive
Y_03.01,0200,0020,0020,3262898,positive
Y_03.01,0200,0020,0030,3260475,positive
Y_03.01,0200,0020,0040,3262892,positive
Y_03.01,0200,0020,0050,3260478,positive
Y_03.01,0200,0020,0060,3262895,positive
Y_03.01,0210,0020,0010,3263817,positive
Y_03.01,0210,0020,0020,3259580,positive
Y_03.01,0210,0020,0030,3263813,positive
Y_03.01,0210,0020,0040,3262916,positive
Y_03.01,0210,0020,0050,3260501,positive
Y_03.01,0210,0020,0060,3262918,positive
Y_03.01,0220,0020,0010,3263831,positive
Y_03.01,0220,0020,0020,3259593,positive
Y_03.01,0220,0020,0030,3263827,positive
Y_03.01,0220,0020,0040,3259589,positive
Y_03.01,0220,0020,0050,3260513,positive
Y_03.01,0220,0020,0060,3262931,positive
Y_03.01,0230,0020,0010,3260531,positive
Y_03.01,0230,0020,0020,3259607,positive
Y_03.01,0230,0020,0030,3263840,positive
Y_03.01,0230,0020,0040,3259603,positive
Y_03.01,0230,0020,0050,3260529,positive
Y_03.01,0230,0020,0060,3262946,positive
Y_03.01,0240,0020,0010,3260541,positive
Y_03.01,0240,0020,0020,3262958,positive
Y_03.01,0240,0020,0030,3263854,positive
Y_03.01,0240,0020,0040,3259617,positive
Y_03.01,0240,0020,0050,3263855,positive
Y_03.01,0240,0020,0060,3259618,positive
Y_03.01,0250,0020,0010,3263864,positive
Y_03.01,0250,0020,0020,3259627,positive
Y_03.01,0250,0020,0030,3263860,positive
Y_03.01,0250,0020,0040,3262962,positive
Y_03.01,0250,0020,0050,3260547,positive
Y_03.01,0250,0020,0060,3262964,positive
Y_03.01,0260,0020,0010,3260569,positive
Y_03.01,0260,0020,0020,3262985,positive
Y_03.01,0260,0020,0030,3263879,positive
Y_03.01,0260,0020,0040,3259643,positive
Y_03.01,0260,0020,0050,3263882,positive
Y_03.01,0260,0020,0060,3259646,positive
Y_03.01,0270,0020,0010,3260599,positive
Y_03.01,0270,0020,0020,3263015,positive
Y_03.01,0270,0020,0030,3260595,positive
Y_03.01,0270,0020,0040,3263010,positive
Y_03.01,0270,0020,0050,3263911,positive
Y_03.01,0270,0020,0060,3259676,positive
Y_03.01,0290,0010,0010,3264341,positive
Y_03.01,0290,0010,0020,3260103,positive
Y_03.01,0290,0010,0030,3261002,positive
Y_03.01,0290,0010,0040,3263422,positive
Y_03.01,0290,0010,0050,3264332,positive
Y_03.01,0290,0010,0060,3260092,positive
Y_03.01,0290,0020,0010,3264207,positive
Y_03.01,0290,0020,0020,3259970,positive
Y_03.01,0290,0020,0030,3263960,positive
Y_03.01,0290,0020,0040,3259950,positive
Y_03.01,0290,0020,0050,3263970,positive
Y_03.01,0290,0020,0060,3259959,positive
Y_03.01,0300,0010,0010,3264342,positive
Y_03.01,0300,0010,0020,3260104,positive
Y_03.01,0300,0010,0030,3261003,positive
Y_03.01,0300,0010,0040,3263423,positive
Y_03.01,0300,0010,0050,3264333,positive
Y_03.01,0300,0010,0060,3260093,positive
Y_03.01,0300,0020,0010,3264208,positive
Y_03.01,0300,0020,0020,3263302,positive
Y_03.01,0300,0020,0030,3263961,positive
Y_03.01,0300,0020,0040,3259951,positive
Y_03.01,0300,0020,0050,3263971,positive
Y_03.01,0300,0020,0060,3259960,positive
Y_03.01,0310,0010,0010,3264344,positive
Y_03.01,0310,0010,0020,3260106,positive
Y_03.01,0310,0010,0030,3261005,positive
Y_03.01,0310,0010,0040,3263425,positive
Y_03.01,0310,0010,0050,3264334,positive
Y_03.01,0310,0010,0060,3260094,positive
Y_03.01,0310,0020,0010,3264209,positive
Y_03.01,0310,0020,0020,3259971,positive
Y_03.01,0310,0020,0030,3260864,positive
Y_03.01,0310,0020,0040,3263054,positive
Y_03.01,0310,0020,0050,3263973,positive
Y_03.01,0310,0020,0060,3259962,positive
Y_03.01,0320,0010,0010,3261027,positive
Y_03.01,0320,0010,0020,3263445,positive
Y_03.01,0320,0010,0030,3264325,positive
Y_03.01,0320,0010,0040,3260085,positive
Y_03.01,0320,0010,0050,3261016,positive
Y_03.01,0320,0010,0060,3263436,positive
Y_03.01,0320,0020,0010,3260887,positive
Y_03.01,0320,0020,0020,3263305,positive
Y_03.01,0320,0020,0030,3263964,positive
Y_03.01,0320,0020,0040,3263055,positive
Y_03.01,0320,0020,0050,3260876,positive
Y_03.01,0320,0020,0060,3263067,positive
Y_03.01,0330,0010,0010,3261028,positive
Y_03.01,0330,0010,0020,3263446,positive
Y_03.01,0330,0010,0030,3264326,positive
Y_03.01,0330,0010,0040,3260086,positive
Y_03.01,0330,0010,0050,3261017,positive
Y_03.01,0330,0010,0060,3263437,positive
Y_03.01,0330,0020,0010,3260888,positive
Y_03.01,0330,0020,0020,3263306,positive
Y_03.01,0330,0020,0030,3263965,positive
Y_03.01,0330,0020,0040,3263056,positive
Y_03.01,0330,0020,0050,3260877,positive
Y_03.01,0330,0020,0060,3263068,positive
Y_03.01,0340,0010,0010,3264346,positive
Y_03.01,0340,0010,0020,3260109,positive
Y_03.01,0340,0010,0030,3261007,positive
Y_03.01,0340,0010,0040,3263427,positive
Y_03.01,0340,0010,0050,3261019,positive
Y_03.01,0340,0010,0060,3260097,positive
Y_03.01,0340,0020,0010,3264211,positive
Y_03.01,0340,0020,0020,3259973,positive
Y_03.01,0340,0020,0030,3260867,positive
Y_03.01,0340,0020,0040,3263059,positive
Y_03.01,0340,0020,0050,3263975,positive
Y_03.01,0340,0020,0060,3259964,positive
Y_03.01,0350,0010,0010,3261031,positive
Y_03.01,0350,0010,0020,3263448,positive
Y_03.01,0350,0010,0030,3264328,positive
Y_03.01,0350,0010,0040,3260088,positive
Y_03.01,0350,0010,0050,3261020,positive
Y_03.01,0350,0010,0060,3263439,positive
Y_03.01,0350,0020,0010,3260890,positive
Y_03.01,0350,0020,0020,3263308,positive
Y_03.01,0350,0020,0030,3260868,positive
Y_03.01,0350,0020,0040,3263060,positive
Y_03.01,0350,0020,0050,3260879,positive
Y_03.01,0350,0020,0060,3263070,positive
Y_03.01,0360,0010,0010,3264352,positive
Y_03.01,0360,0010,0020,3260114,positive
Y_03.01,0360,0010,0030,3261012,positive
Y_03.01,0360,0010,0040,3263432,positive
Y_03.01,0360,0010,0050,3261024,positive
Y_03.01,0360,0010,0060,3263442,positive
Y_03.01,0360,0020,0010,3264216,positive
Y_03.01,0360,0020,0020,3259978,positive
Y_03.01,0360,0020,0030,3260874,positive
Y_03.01,0360,0020,0040,3263065,positive
Y_03.01,0360,0020,0050,3260884,positive
Y_03.01,0360,0020,0060,3263301,positive
Y_03.01,0380,0010,0010,3260433,positive
Y_03.01,0380,0010,0020,3262848,positive
Y_03.01,0380,0010,0030,3260431,positive
Y_03.01,0380,0010,0040,3262620,positive
Y_03.01,0380,0010,0050,3263762,positive
Y_03.01,0380,0010,0060,3259527,positive
Y_03.01,0380,0020,0010,3263755,positive
Y_03.01,0380,0020,0020,3262616,positive
Y_03.01,0380,0020,0030,3260425,positive
Y_03.01,0380,0020,0040,3262614,positive
Y_03.01,0380,0020,0050,3263753,positive
Y_03.01,0380,0020,0060,3259518,positive
Y_03.01,0390,0010,0010,3260450,positive
Y_03.01,0390,0010,0020,3262864,positive
Y_03.01,0390,0010,0030,3260448,positive
Y_03.01,0390,0010,0040,3262862,positive
Y_03.01,0390,0010,0050,3263775,positive
Y_03.01,0390,0010,0060,3259541,positive
Y_03.01,0390,0020,0010,3260442,positive
Y_03.01,0390,0020,0020,3262856,positive
Y_03.01,0390,0020,0030,3260440,positive
Y_03.01,0390,0020,0040,3262854,positive
Y_03.01,0390,0020,0050,3263768,positive
Y_03.01,0390,0020,0060,3259534,positive
Y_03.01,0400,0010,0010,3264353,positive
Y_03.01,0400,0010,0020,3260115,positive
Y_03.01,0400,0010,0030,3261013,positive
Y_03.01,0400,0010,0040,3263433,positive
Y_03.01,0400,0010,0050,3261025,positive
Y_03.01,0400,0010,0060,3263443,positive
Y_03.01,0400,0020,0010,3260893,positive
Y_03.01,0400,0020,0020,3263311,positive
Y_03.01,0400,0020,0030,3263967,positive
Y_03.01,0400,0020,0040,3259956,positive
Y_03.01,0400,0020,0050,3264204,positive
Y_03.01,0400,0020,0060,3259967,positive
Y_03.01,0420,0020,0010,3263801,positive
Y_03.01,0420,0020,0020,3259564,positive
Y_03.01,0420,0020,0030,3260476,positive
Y_03.01,0420,0020,0040,3262893,positive
Y_03.01,0420,0020,0050,3260479,positive
Y_03.01,0420,0020,0060,3262896,positive
Y_03.01,0430,0020,0010,3260504,positive
Y_03.01,0430,0020,0020,3262921,positive
Y_03.01,0430,0020,0030,3260500,positive
Y_03.01,0430,0020,0040,3262917,positive
Y_03.01,0430,0020,0050,3263816,positive
Y_03.01,0430,0020,0060,3259579,positive
Y_03.01,0440,0020,0010,3263832,positive
Y_03.01,0440,0020,0020,3259594,positive
Y_03.01,0440,0020,0030,3263828,positive
Y_03.01,0440,0020,0040,3259590,positive
Y_03.01,0440,0020,0050,3260514,positive
Y_03.01,0440,0020,0060,3262932,positive
Y_03.01,0450,0020,0010,3263844,positive
Y_03.01,0450,0020,0020,3259608,positive
Y_03.01,0450,0020,0030,3260527,positive
Y_03.01,0450,0020,0040,3262944,positive
Y_03.01,0450,0020,0050,3263842,positive
Y_03.01,0450,0020,0060,3259605,positive
Y_03.01,0460,0020,0010,3263865,positive
Y_03.01,0460,0020,0020,3262967,positive
Y_03.01,0460,0020,0030,3260546,positive
Y_03.01,0460,0020,0040,3262963,positive
Y_03.01,0460,0020,0050,3263863,positive
Y_03.01,0460,0020,0060,3259626,positive
Y_03.01,0470,0020,0010,3260570,positive
Y_03.01,0470,0020,0020,3262986,positive
Y_03.01,0470,0020,0030,3263880,positive
Y_03.01,0470,0020,0040,3259644,positive
Y_03.01,0470,0020,0050,3260567,positive
Y_03.01,0470,0020,0060,3262983,positive
Y_03.01,0480,0020,0010,3263914,positive
Y_03.01,0480,0020,0020,3259678,positive
Y_03.01,0480,0020,0030,3263910,positive
Y_03.01,0480,0020,0040,3259675,positive
Y_03.01,0480,0020,0050,3260598,positive
Y_03.01,0480,0020,0060,3263013,positive
Y_03.01,0490,0010,0010,3264354,positive
Y_03.01,0490,0010,0020,3260116,positive
Y_03.01,0490,0010,0030,3261014,positive
Y_03.01,0490,0010,0040,3263434,positive
Y_03.01,0490,0010,0050,3264340,positive
Y_03.01,0490,0010,0060,3260102,positive
Y_03.01,0490,0020,0010,3260894,positive
Y_03.01,0490,0020,0020,3263312,positive
Y_03.01,0490,0020,0030,3263968,positive
Y_03.01,0490,0020,0040,3259957,positive
Y_03.01,0490,0020,0050,3264205,positive
Y_03.01,0490,0020,0060,3259968,positive
Y_03.01,0510,0020,0010,3260482,positive
Y_03.01,0510,0020,0020,3262899,positive
Y_03.01,0510,0020,0030,3263799,positive
Y_03.01,0510,0020,0040,3259562,positive
Y_03.01,0510,0020,0050,3263800,positive
Y_03.01,0510,0020,0060,3259563,positive
Y_03.01,0520,0020,0010,3260505,positive
Y_03.01,0520,0020,0020,3262922,positive
Y_03.01,0520,0020,0030,3263814,positive
Y_03.01,0520,0020,0040,3259577,positive
Y_03.01,0520,0020,0050,3260502,positive
Y_03.01,0520,0020,0060,3262919,positive
Y_03.01,0530,0020,0010,3260517,positive
Y_03.01,0530,0020,0020,3262935,positive
Y_03.01,0530,0020,0030,3263829,positive
Y_03.01,0530,0020,0040,3259591,positive
Y_03.01,0530,0020,0050,3260515,positive
Y_03.01,0530,0020,0060,3262933,positive
Y_03.01,0540,0020,0010,3263845,positive
Y_03.01,0540,0020,0020,3259609,positive
Y_03.01,0540,0020,0030,3260528,positive
Y_03.01,0540,0020,0040,3262945,positive
Y_03.01,0540,0020,0050,3263843,positive
Y_03.01,0540,0020,0060,3259606,positive
Y_03.01,0550,0020,0010,3260550,positive
Y_03.01,0550,0020,0020,3262968,positive
Y_03.01,0550,0020,0030,3263861,positive
Y_03.01,0550,0020,0040,3259624,positive
Y_03.01,0550,0020,0050,3260548,positive
Y_03.01,0550,0020,0060,3262965,positive
Y_03.01,0560,0020,0010,3263884,positive
Y_03.01,0560,0020,0020,3259648,positive
Y_03.01,0560,0020,0030,3260566,positive
Y_03.01,0560,0020,0040,3262982,positive
Y_03.01,0560,0020,0050,3263883,positive
Y_03.01,0560,0020,0060,3259647,positive
Y_03.01,0570,0020,0010,3260600,positive
Y_03.01,0570,0020,0020,3263016,positive
Y_03.01,0570,0020,0030,3260596,positive
Y_03.01,0570,0020,0040,3263011,positive
Y_03.01,0570,0020,0050,3263912,positive
Y_03.01,0570,0020,0060,3259677,positive
Y_03.01,0590,0010,0010,3264343,positive
Y_03.01,0590,0010,0020,3260105,positive
Y_03.01,0590,0010,0030,3261004,positive
Y_03.01,0590,0010,0040,3263424,positive
Y_03.01,0590,0010,0050,3261015,positive
Y_03.01,0590,0010,0060,3263435,positive
Y_03.01,0590,0020,0010,3260885,positive
Y_03.01,0590,0020,0020,3263303,positive
Y_03.01,0590,0020,0030,3263962,positive
Y_03.01,0590,0020,0040,3259952,positive
Y_03.01,0590,0020,0050,3263972,positive
Y_03.01,0590,0020,0060,3259961,positive
Y_03.01,0600,0010,0010,3264345,positive
Y_03.01,0600,0010,0020,3260107,positive
Y_03.01,0600,0010,0030,3264324,positive
Y_03.01,0600,0010,0040,3260084,positive
Y_03.01,0600,0010,0050,3264335,positive
Y_03.01,0600,0010,0060,3260095,positive
Y_03.01,0600,0020,0010,3260886,positive
Y_03.01,0600,0020,0020,3263304,positive
Y_03.01,0600,0020,0030,3263963,positive
Y_03.01,0600,0020,0040,3259953,positive
Y_03.01,0600,0020,0050,3260875,positive
Y_03.01,0600,0020,0060,3263066,positive
Y_03.01,0610,0010,0010,3261029,positive
Y_03.01,0610,0010,0020,3263447,positive
Y_03.01,0610,0010,0030,3264327,positive
Y_03.01,0610,0010,0040,3260087,positive
Y_03.01,0610,0010,0050,3264336,positive
Y_03.01,0610,0010,0060,3260096,positive
Y_03.01,0610,0020,0010,3260889,positive
Y_03.01,0610,0020,0020,3263307,positive
Y_03.01,0610,0020,0030,3260865,positive
Y_03.01,0610,0020,0040,3263057,positive
Y_03.01,0610,0020,0050,3260878,positive
Y_03.01,0610,0020,0060,3263069,positive
Y_03.01,0620,0010,0010,3261030,positive
Y_03.01,0620,0010,0020,3260108,positive
Y_03.01,0620,0010,0030,3261006,positive
Y_03.01,0620,0010,0040,3263426,positive
Y_03.01,0620,0010,0050,3261018,positive
Y_03.01,0620,0010,0060,3263438,positive
Y_03.01,0620,0020,0010,3264210,positive
Y_03.01,0620,0020,0020,3259972,positive
Y_03.01,0620,0020,0030,3260866,positive
Y_03.01,0620,0020,0040,3263058,positive
Y_03.01,0620,0020,0050,3263974,positive
Y_03.01,0620,0020,0060,3259963,positive
Y_03.01,0630,0010,0010,3261032,positive
Y_03.01,0630,0010,0020,3263449,positive
Y_03.01,0630,0010,0030,3264329,positive
Y_03.01,0630,0010,0040,3260089,positive
Y_03.01,0630,0010,0050,3261021,positive
Y_03.01,0630,0010,0060,3263440,positive
Y_03.01,0630,0020,0010,3264212,positive
Y_03.01,0630,0020,0020,3259974,positive
Y_03.01,0630,0020,0030,3260869,positive
Y_03.01,0630,0020,0040,3263061,positive
Y_03.01,0630,0020,0050,3260880,positive
Y_03.01,0630,0020,0060,3263071,positive
Y_03.02,0010,0010,"",3262498,positive
Y_03.02,0020,0010,"",3262499,positive
Y_03.02,0030,0010,"",3259166,
Y_04.01,0010,0010,0010,3264373,positive
Y_04.01,0010,0010,0020,3260135,positive
Y_04.01,0010,0010,0030,3264355,positive
Y_04.01,0010,0010,0040,3260117,positive
Y_04.01,0010,0010,0050,3261038,positive
Y_04.01,0010,0010,0060,3263456,positive
Y_04.01,0010,0020,0010,3264232,positive
Y_04.01,0010,0020,0020,3259995,positive
Y_04.01,0010,0020,0030,3260895,positive
Y_04.01,0010,0020,0040,3263313,positive
Y_04.01,0010,0020,0050,3264226,positive
Y_04.01,0010,0020,0060,3263320,positive
Y_04.01,0020,0010,0010,3264380,positive
Y_04.01,0020,0010,0020,3260142,positive
Y_04.01,0020,0010,0030,3264362,positive
Y_04.01,0020,0010,0040,3260124,positive
Y_04.01,0020,0010,0050,3261045,positive
Y_04.01,0020,0010,0060,3263463,positive
Y_04.01,0020,0020,0010,3264242,positive
Y_04.01,0020,0020,0020,3260004,positive
Y_04.01,0020,0020,0030,3264222,positive
Y_04.01,0020,0020,0040,3259986,positive
Y_04.01,0020,0020,0050,3260912,positive
Y_04.01,0020,0020,0060,3263330,positive
Y_04.01,0030,0010,0010,3264379,positive
Y_04.01,0030,0010,0020,3260141,positive
Y_04.01,0030,0010,0030,3264361,positive
Y_04.01,0030,0010,0040,3260123,positive
Y_04.01,0030,0010,0050,3261044,positive
Y_04.01,0030,0010,0060,3263462,positive
Y_04.01,0030,0020,0010,3264241,positive
Y_04.01,0030,0020,0020,3260003,positive
Y_04.01,0030,0020,0030,3260900,positive
Y_04.01,0030,0020,0040,3259985,positive
Y_04.01,0030,0020,0050,3260911,positive
Y_04.01,0030,0020,0060,3263329,positive
Y_04.01,0040,0010,0010,3261055,positive
Y_04.01,0040,0010,0020,3263473,positive
Y_04.01,0040,0010,0030,3264363,positive
Y_04.01,0040,0010,0040,3260125,positive
Y_04.01,0040,0010,0050,3261046,positive
Y_04.01,0040,0010,0060,3263464,positive
Y_04.01,0040,0020,0010,3260917,positive
Y_04.01,0040,0020,0020,3263335,positive
Y_04.01,0040,0020,0030,3260901,positive
Y_04.01,0040,0020,0040,3263317,positive
Y_04.01,0040,0020,0050,3264229,positive
Y_04.01,0040,0020,0060,3259991,positive
Y_04.01,0060,0010,0010,3260436,positive
Y_04.01,0060,0010,0020,3262851,positive
Y_04.01,0060,0010,0030,3260434,positive
Y_04.01,0060,0010,0040,3259529,positive
Y_04.01,0060,0010,0050,3263764,positive
Y_04.01,0060,0010,0060,3262850,positive
Y_04.01,0060,0020,0010,3263758,positive
Y_04.01,0060,0020,0020,3259522,positive
Y_04.01,0060,0020,0030,3263756,positive
Y_04.01,0060,0020,0040,3259520,positive
Y_04.01,0060,0020,0050,3260427,positive
Y_04.01,0060,0020,0060,3262617,positive
Y_04.01,0070,0010,0010,3263779,positive
Y_04.01,0070,0010,0020,3259545,positive
Y_04.01,0070,0010,0030,3263777,positive
Y_04.01,0070,0010,0040,3259543,positive
Y_04.01,0070,0010,0050,3260452,positive
Y_04.01,0070,0010,0060,3262866,positive
Y_04.01,0070,0020,0010,3263772,positive
Y_04.01,0070,0020,0020,3259538,positive
Y_04.01,0070,0020,0030,3263770,positive
Y_04.01,0070,0020,0040,3259536,positive
Y_04.01,0070,0020,0050,3260444,positive
Y_04.01,0070,0020,0060,3262858,positive
Y_04.01,0080,0010,0010,3261056,positive
Y_04.01,0080,0010,0020,3263474,positive
Y_04.01,0080,0010,0030,3261037,positive
Y_04.01,0080,0010,0040,3263455,positive
Y_04.01,0080,0010,0050,3264372,positive
Y_04.01,0080,0010,0060,3260134,positive
Y_04.01,0080,0020,0010,3260918,positive
Y_04.01,0080,0020,0020,3263336,positive
Y_04.01,0080,0020,0030,3264223,positive
Y_04.01,0080,0020,0040,3259987,positive
Y_04.01,0080,0020,0050,3260913,positive
Y_04.01,0080,0020,0060,3259992,positive
Y_04.01,0100,0020,0010,3260489,positive
Y_04.01,0100,0020,0020,3262905,positive
Y_04.01,0100,0020,0030,3260483,positive
Y_04.01,0100,0020,0040,3262900,positive
Y_04.01,0100,0020,0050,3260486,positive
Y_04.01,0100,0020,0060,3262903,positive
Y_04.01,0110,0020,0010,3260509,positive
Y_04.01,0110,0020,0020,3262927,positive
Y_04.01,0110,0020,0030,3263818,positive
Y_04.01,0110,0020,0040,3259581,positive
Y_04.01,0110,0020,0050,3260507,positive
Y_04.01,0110,0020,0060,3262925,positive
Y_04.01,0120,0020,0010,3260523,positive
Y_04.01,0120,0020,0020,3262941,positive
Y_04.01,0120,0020,0030,3263833,positive
Y_04.01,0120,0020,0040,3259595,positive
Y_04.01,0120,0020,0050,3260519,positive
Y_04.01,0120,0020,0060,3262937,positive
Y_04.01,0130,0020,0010,3260536,positive
Y_04.01,0130,0020,0020,3262953,positive
Y_04.01,0130,0020,0030,3263846,positive
Y_04.01,0130,0020,0040,3259610,positive
Y_04.01,0130,0020,0050,3263847,positive
Y_04.01,0130,0020,0060,3262951,positive
Y_04.01,0140,0020,0010,3263858,positive
Y_04.01,0140,0020,0020,3259622,positive
Y_04.01,0140,0020,0030,3260542,positive
Y_04.01,0140,0020,0040,3262959,positive
Y_04.01,0140,0020,0050,3260543,positive
Y_04.01,0140,0020,0060,3262960,positive
Y_04.01,0150,0020,0010,3260555,positive
Y_04.01,0150,0020,0020,3262972,positive
Y_04.01,0150,0020,0030,3263866,positive
Y_04.01,0150,0020,0040,3259628,positive
Y_04.01,0150,0020,0050,3260552,positive
Y_04.01,0150,0020,0060,3262970,positive
Y_04.01,0160,0020,0010,3260574,positive
Y_04.01,0160,0020,0020,3262991,positive
Y_04.01,0160,0020,0030,3263885,positive
Y_04.01,0160,0020,0040,3259649,positive
Y_04.01,0160,0020,0050,3263888,positive
Y_04.01,0160,0020,0060,3262988,positive
Y_04.01,0170,0020,0010,3260605,positive
Y_04.01,0170,0020,0020,3263022,positive
Y_04.01,0170,0020,0030,3260601,positive
Y_04.01,0170,0020,0040,3263017,positive
Y_04.01,0170,0020,0050,3263916,positive
Y_04.01,0170,0020,0060,3259680,positive
Y_04.01,0180,0010,0010,3264381,positive
Y_04.01,0180,0010,0020,3260143,positive
Y_04.01,0180,0010,0030,3264364,positive
Y_04.01,0180,0010,0040,3260126,positive
Y_04.01,0180,0010,0050,3261047,positive
Y_04.01,0180,0010,0060,3263465,positive
Y_04.01,0180,0020,0010,3264243,positive
Y_04.01,0180,0020,0020,3263337,positive
Y_04.01,0180,0020,0030,3264224,positive
Y_04.01,0180,0020,0040,3259988,positive
Y_04.01,0180,0020,0050,3260914,positive
Y_04.01,0180,0020,0060,3263331,positive
Y_04.01,0200,0020,0010,3263804,positive
Y_04.01,0200,0020,0020,3259568,positive
Y_04.01,0200,0020,0030,3260484,positive
Y_04.01,0200,0020,0040,3262901,positive
Y_04.01,0200,0020,0050,3260487,positive
Y_04.01,0200,0020,0060,3259566,positive
Y_04.01,0210,0020,0010,3263823,positive
Y_04.01,0210,0020,0020,3259585,positive
Y_04.01,0210,0020,0030,3260506,positive
Y_04.01,0210,0020,0040,3262923,positive
Y_04.01,0210,0020,0050,3263821,positive
Y_04.01,0210,0020,0060,3259583,positive
Y_04.01,0220,0020,0010,3263836,positive
Y_04.01,0220,0020,0020,3259598,positive
Y_04.01,0220,0020,0030,3260518,positive
Y_04.01,0220,0020,0040,3262936,positive
Y_04.01,0220,0020,0050,3260520,positive
Y_04.01,0220,0020,0060,3262938,positive
Y_04.01,0230,0020,0010,3263850,positive
Y_04.01,0230,0020,0020,3259613,positive
Y_04.01,0230,0020,0030,3260532,positive
Y_04.01,0230,0020,0040,3262948,positive
Y_04.01,0230,0020,0050,3260535,positive
Y_04.01,0230,0020,0060,3262952,positive
Y_04.01,0240,0020,0010,3260545,positive
Y_04.01,0240,0020,0020,3262961,positive
Y_04.01,0240,0020,0030,3263857,positive
Y_04.01,0240,0020,0040,3259620,positive
Y_04.01,0240,0020,0050,3260544,positive
Y_04.01,0240,0020,0060,3259621,positive
Y_04.01,0250,0020,0010,3263870,positive
Y_04.01,0250,0020,0020,3259633,positive
Y_04.01,0250,0020,0030,3260551,positive
Y_04.01,0250,0020,0040,3262969,positive
Y_04.01,0250,0020,0050,3260553,positive
Y_04.01,0250,0020,0060,3259631,positive
Y_04.01,0260,0020,0010,3260575,positive
Y_04.01,0260,0020,0020,3259653,positive
Y_04.01,0260,0020,0030,3263886,positive
Y_04.01,0260,0020,0040,3259650,positive
Y_04.01,0260,0020,0050,3260572,positive
Y_04.01,0260,0020,0060,3262989,positive
Y_04.01,0270,0020,0010,3263919,positive
Y_04.01,0270,0020,0020,3259682,positive
Y_04.01,0270,0020,0030,3260602,positive
Y_04.01,0270,0020,0040,3263018,positive
Y_04.01,0270,0020,0050,3263917,positive
Y_04.01,0270,0020,0060,3263020,positive
Y_04.01,0290,0010,0010,3264374,positive
Y_04.01,0290,0010,0020,3260136,positive
Y_04.01,0290,0010,0030,3264356,positive
Y_04.01,0290,0010,0040,3260118,positive
Y_04.01,0290,0010,0050,3261039,positive
Y_04.01,0290,0010,0060,3263457,positive
Y_04.01,0290,0020,0010,3264233,positive
Y_04.01,0290,0020,0020,3259996,positive
Y_04.01,0290,0020,0030,3264217,positive
Y_04.01,0290,0020,0040,3259979,positive
Y_04.01,0290,0020,0050,3260904,positive
Y_04.01,0290,0020,0060,3263321,positive
Y_04.01,0300,0010,0010,3264375,positive
Y_04.01,0300,0010,0020,3260137,positive
Y_04.01,0300,0010,0030,3264357,positive
Y_04.01,0300,0010,0040,3260119,positive
Y_04.01,0300,0010,0050,3261040,positive
Y_04.01,0300,0010,0060,3263458,positive
Y_04.01,0300,0020,0010,3264234,positive
Y_04.01,0300,0020,0020,3259997,positive
Y_04.01,0300,0020,0030,3264218,positive
Y_04.01,0300,0020,0040,3259980,positive
Y_04.01,0300,0020,0050,3260905,positive
Y_04.01,0300,0020,0060,3263322,positive
Y_04.01,0310,0010,0010,3261051,positive
Y_04.01,0310,0010,0020,3263470,positive
Y_04.01,0310,0010,0030,3261033,positive
Y_04.01,0310,0010,0040,3263451,positive
Y_04.01,0310,0010,0050,3264368,positive
Y_04.01,0310,0010,0060,3260130,positive
Y_04.01,0310,0020,0010,3264235,positive
Y_04.01,0310,0020,0020,3259998,positive
Y_04.01,0310,0020,0030,3260897,positive
Y_04.01,0310,0020,0040,3263315,positive
Y_04.01,0310,0020,0050,3264228,positive
Y_04.01,0310,0020,0060,3263323,positive
Y_04.01,0320,0010,0010,3264378,positive
Y_04.01,0320,0010,0020,3260139,positive
Y_04.01,0320,0010,0030,3264360,positive
Y_04.01,0320,0010,0040,3260122,positive
Y_04.01,0320,0010,0050,3261043,positive
Y_04.01,0320,0010,0060,3263461,positive
Y_04.01,0320,0020,0010,3264238,positive
Y_04.01,0320,0020,0020,3260000,positive
Y_04.01,0320,0020,0030,3264220,positive
Y_04.01,0320,0020,0040,3259983,positive
Y_04.01,0320,0020,0050,3260908,positive
Y_04.01,0320,0020,0060,3263326,positive
Y_04.01,0330,0010,0010,3261053,positive
Y_04.01,0330,0010,0020,3260140,positive
Y_04.01,0330,0010,0030,3261035,positive
Y_04.01,0330,0010,0040,3263453,positive
Y_04.01,0330,0010,0050,3264370,positive
Y_04.01,0330,0010,0060,3260132,positive
Y_04.01,0330,0020,0010,3264239,positive
Y_04.01,0330,0020,0020,3260001,positive
Y_04.01,0330,0020,0030,3260899,positive
Y_04.01,0330,0020,0040,3263316,positive
Y_04.01,0330,0020,0050,3260909,positive
Y_04.01,0330,0020,0060,3263327,positive
Y_04.01,0340,0010,0010,3264382,positive
Y_04.01,0340,0010,0020,3260144,positive
Y_04.01,0340,0010,0030,3264365,positive
Y_04.01,0340,0010,0040,3260127,positive
Y_04.01,0340,0010,0050,3261048,positive
Y_04.01,0340,0010,0060,3263466,positive
Y_04.01,0340,0020,0010,3264244,positive
Y_04.01,0340,0020,0020,3260005,positive
Y_04.01,0340,0020,0030,3264225,positive
Y_04.01,0340,0020,0040,3259989,positive
Y_04.01,0340,0020,0050,3260915,positive
Y_04.01,0340,0020,0060,3263332,positive
Y_04.01,0360,0010,0010,3260437,positive
Y_04.01,0360,0010,0020,3262852,positive
Y_04.01,0360,0010,0030,3260435,positive
Y_04.01,0360,0010,0040,3262849,positive
Y_04.01,0360,0010,0050,3263765,positive
Y_04.01,0360,0010,0060,3259530,positive
Y_04.01,0360,0020,0010,3263759,positive
Y_04.01,0360,0020,0020,3259523,positive
Y_04.01,0360,0020,0030,3263757,positive
Y_04.01,0360,0020,0040,3259521,positive
Y_04.01,0360,0020,0050,3260428,positive
Y_04.01,0360,0020,0060,3262618,positive
Y_04.01,0370,0010,0010,3260453,positive
Y_04.01,0370,0010,0020,3262867,positive
Y_04.01,0370,0010,0030,3260451,positive
Y_04.01,0370,0010,0040,3262865,positive
Y_04.01,0370,0010,0050,3263778,positive
Y_04.01,0370,0010,0060,3259544,positive
Y_04.01,0370,0020,0010,3260445,positive
Y_04.01,0370,0020,0020,3262859,positive
Y_04.01,0370,0020,0030,3260443,positive
Y_04.01,0370,0020,0040,3262857,positive
Y_04.01,0370,0020,0050,3263771,positive
Y_04.01,0370,0020,0060,3259537,positive
Y_04.01,0380,0010,0010,3264383,positive
Y_04.01,0380,0010,0020,3260145,positive
Y_04.01,0380,0010,0030,3264366,positive
Y_04.01,0380,0010,0040,3260128,positive
Y_04.01,0380,0010,0050,3261049,positive
Y_04.01,0380,0010,0060,3263467,positive
Y_04.01,0380,0020,0010,3260919,positive
Y_04.01,0380,0020,0020,3263338,positive
Y_04.01,0380,0020,0030,3260902,positive
Y_04.01,0380,0020,0040,3263318,positive
Y_04.01,0380,0020,0050,3264230,positive
Y_04.01,0380,0020,0060,3259993,positive
Y_04.01,0400,0020,0010,3263805,positive
Y_04.01,0400,0020,0020,3259569,positive
Y_04.01,0400,0020,0030,3263802,positive
Y_04.01,0400,0020,0040,3259565,positive
Y_04.01,0400,0020,0050,3263803,positive
Y_04.01,0400,0020,0060,3259567,positive
Y_04.01,0410,0020,0010,3260510,positive
Y_04.01,0410,0020,0020,3262928,positive
Y_04.01,0410,0020,0030,3263819,positive
Y_04.01,0410,0020,0040,3259582,positive
Y_04.01,0410,0020,0050,3263822,positive
Y_04.01,0410,0020,0060,3259584,positive
Y_04.01,0420,0020,0010,3263837,positive
Y_04.01,0420,0020,0020,3259599,positive
Y_04.01,0420,0020,0030,3263834,positive
Y_04.01,0420,0020,0040,3259596,positive
Y_04.01,0420,0020,0050,3260521,positive
Y_04.01,0420,0020,0060,3262939,positive
Y_04.01,0430,0020,0010,3260537,positive
Y_04.01,0430,0020,0020,3262954,positive
Y_04.01,0430,0020,0030,3260533,positive
Y_04.01,0430,0020,0040,3262949,positive
Y_04.01,0430,0020,0050,3263848,positive
Y_04.01,0430,0020,0060,3259611,positive
Y_04.01,0440,0020,0010,3260556,positive
Y_04.01,0440,0020,0020,3262973,positive
Y_04.01,0440,0020,0030,3263867,positive
Y_04.01,0440,0020,0040,3259629,positive
Y_04.01,0440,0020,0050,3263869,positive
Y_04.01,0440,0020,0060,3259632,positive
Y_04.01,0450,0020,0010,3263890,positive
Y_04.01,0450,0020,0020,3259654,positive
Y_04.01,0450,0020,0030,3263887,positive
Y_04.01,0450,0020,0040,3259651,positive
Y_04.01,0450,0020,0050,3260573,positive
Y_04.01,0450,0020,0060,3262990,positive
Y_04.01,0460,0020,0010,3263920,positive
Y_04.01,0460,0020,0020,3259683,positive
Y_04.01,0460,0020,0030,3263915,positive
Y_04.01,0460,0020,0040,3259679,positive
Y_04.01,0460,0020,0050,3260604,positive
Y_04.01,0460,0020,0060,3263021,positive
Y_04.01,0470,0010,0010,3264384,positive
Y_04.01,0470,0010,0020,3263475,positive
Y_04.01,0470,0010,0030,3264367,positive
Y_04.01,0470,0010,0040,3260129,positive
Y_04.01,0470,0010,0050,3261050,positive
Y_04.01,0470,0010,0060,3263468,positive
Y_04.01,0470,0020,0010,3260920,positive
Y_04.01,0470,0020,0020,3263339,positive
Y_04.01,0470,0020,0030,3260903,positive
Y_04.01,0470,0020,0040,3263319,positive
Y_04.01,0470,0020,0050,3264231,positive
Y_04.01,0470,0020,0060,3259994,positive
Y_04.01,0490,0020,0010,3260490,positive
Y_04.01,0490,0020,0020,3262906,positive
Y_04.01,0490,0020,0030,3260485,positive
Y_04.01,0490,0020,0040,3262902,positive
Y_04.01,0490,0020,0050,3260488,positive
Y_04.01,0490,0020,0060,3262904,positive
Y_04.01,0500,0020,0010,3263824,positive
Y_04.01,0500,0020,0020,3259586,positive
Y_04.01,0500,0020,0030,3263820,positive
Y_04.01,0500,0020,0040,3262924,positive
Y_04.01,0500,0020,0050,3260508,positive
Y_04.01,0500,0020,0060,3262926,positive
Y_04.01,0510,0020,0010,3263838,positive
Y_04.01,0510,0020,0020,3259600,positive
Y_04.01,0510,0020,0030,3263835,positive
Y_04.01,0510,0020,0040,3259597,positive
Y_04.01,0510,0020,0050,3260522,positive
Y_04.01,0510,0020,0060,3262940,positive
Y_04.01,0520,0020,0010,3263851,positive
Y_04.01,0520,0020,0020,3259614,positive
Y_04.01,0520,0020,0030,3260534,positive
Y_04.01,0520,0020,0040,3262950,positive
Y_04.01,0520,0020,0050,3263849,positive
Y_04.01,0520,0020,0060,3259612,positive
Y_04.01,0530,0020,0010,3263871,positive
Y_04.01,0530,0020,0020,3259634,positive
Y_04.01,0530,0020,0030,3263868,positive
Y_04.01,0530,0020,0040,3259630,positive
Y_04.01,0530,0020,0050,3260554,positive
Y_04.01,0530,0020,0060,3262971,positive
Y_04.01,0540,0020,0010,3260576,positive
Y_04.01,0540,0020,0020,3262992,positive
Y_04.01,0540,0020,0030,3260571,positive
Y_04.01,0540,0020,0040,3262987,positive
Y_04.01,0540,0020,0050,3263889,positive
Y_04.01,0540,0020,0060,3259652,positive
Y_04.01,0550,0020,0010,3260606,positive
Y_04.01,0550,0020,0020,3263023,positive
Y_04.01,0550,0020,0030,3260603,positive
Y_04.01,0550,0020,0040,3263019,positive
Y_04.01,0550,0020,0050,3263918,positive
Y_04.01,0550,0020,0060,3259681,positive
Y_04.01,0570,0010,0010,3264376,positive
Y_04.01,0570,0010,0020,3263469,positive
Y_04.01,0570,0010,0030,3264358,positive
Y_04.01,0570,0010,0040,3260120,positive
Y_04.01,0570,0010,0050,3261041,positive
Y_04.01,0570,0010,0060,3263459,positive
Y_04.01,0570,0020,0010,3260916,positive
Y_04.01,0570,0020,0020,3263333,positive
Y_04.01,0570,0020,0030,3260896,positive
Y_04.01,0570,0020,0040,3263314,positive
Y_04.01,0570,0020,0050,3264227,positive
Y_04.01,0570,0020,0060,3259990,positive
Y_04.01,0580,0010,0010,3261052,positive
Y_04.01,0580,0010,0020,3263471,positive
Y_04.01,0580,0010,0030,3261034,positive
Y_04.01,0580,0010,0040,3263452,positive
Y_04.01,0580,0010,0050,3264369,positive
Y_04.01,0580,0010,0060,3260131,positive
Y_04.01,0580,0020,0010,3264236,positive
Y_04.01,0580,0020,0020,3259999,positive
Y_04.01,0580,0020,0030,3260898,positive
Y_04.01,0580,0020,0040,3259981,positive
Y_04.01,0580,0020,0050,3260906,positive
Y_04.01,0580,0020,0060,3263324,positive
Y_04.01,0590,0010,0010,3264377,positive
Y_04.01,0590,0010,0020,3260138,positive
Y_04.01,0590,0010,0030,3264359,positive
Y_04.01,0590,0010,0040,3260121,positive
Y_04.01,0590,0010,0050,3261042,positive
Y_04.01,0590,0010,0060,3263460,positive
Y_04.01,0590,0020,0010,3264237,positive
Y_04.01,0590,0020,0020,3263334,positive
Y_04.01,0590,0020,0030,3264219,positive
Y_04.01,0590,0020,0040,3259982,positive
Y_04.01,0590,0020,0050,3260907,positive
Y_04.01,0590,0020,0060,3263325,positive
Y_04.01,0600,0010,0010,3261054,positive
Y_04.01,0600,0010,0020,3263472,positive
Y_04.01,0600,0010,0030,3261036,positive
Y_04.01,0600,0010,0040,3263454,positive
Y_04.01,0600,0010,0050,3264371,positive
Y_04.01,0600,0010,0060,3260133,positive
Y_04.01,0600,0020,0010,3264240,positive
Y_04.01,0600,0020,0020,3260002,positive
Y_04.01,0600,0020,0030,3264221,positive
Y_04.01,0600,0020,0040,3259984,positive
Y_04.01,0600,0020,0050,3260910,positive
Y_04.01,0600,0020,0060,3263328,positive
Y_04.02,0010,0010,"",3262500,positive
Y_04.02,0020,0010,"",3262501,positive
Y_04.02,0030,0010,"",3262502,positive
Y_05.01,0010,0010,0010,3261058,positive
Y_05.01,0010,0010,0020,3263477,positive
Y_05.01,0010,0010,0030,3264385,positive
Y_05.01,0010,0010,0040,3260146,positive
Y_05.01,0010,0010,0050,3261057,positive
Y_05.01,0010,0010,0060,3263476,positive
Y_05.01,0010,0020,0010,3264245,positive
Y_05.01,0010,0020,0020,3260006,positive
Y_05.01,0010,0020,0030,3260921,positive
Y_05.01,0010,0020,0040,3263340,positive
Y_05.01,0010,0020,0050,3260922,positive
Y_05.01,0010,0020,0060,3263341,positive
Y_05.01,0030,0010,0010,3260439,positive
Y_05.01,0030,0010,0020,3262853,positive
Y_05.01,0030,0010,0030,3263766,positive
Y_05.01,0030,0010,0040,3259531,positive
Y_05.01,0030,0010,0050,3260438,positive
Y_05.01,0030,0010,0060,3259532,positive
Y_05.01,0030,0020,0010,3260430,positive
Y_05.01,0030,0020,0020,3259525,positive
Y_05.01,0030,0020,0030,3260429,positive
Y_05.01,0030,0020,0040,3262619,positive
Y_05.01,0030,0020,0050,3263760,positive
Y_05.01,0030,0020,0060,3259524,positive
Y_05.01,0040,0010,0010,3263781,positive
Y_05.01,0040,0010,0020,3259547,positive
Y_05.01,0040,0010,0030,3263780,positive
Y_05.01,0040,0010,0040,3259546,positive
Y_05.01,0040,0010,0050,3260454,positive
Y_05.01,0040,0010,0060,3262868,positive
Y_05.01,0040,0020,0010,3260447,positive
Y_05.01,0040,0020,0020,3262861,positive
Y_05.01,0040,0020,0030,3260446,positive
Y_05.01,0040,0020,0040,3262860,positive
Y_05.01,0040,0020,0050,3263773,positive
Y_05.01,0040,0020,0060,3259539,positive
Y_05.01,0060,0020,0010,3260492,positive
Y_05.01,0060,0020,0020,3262908,positive
Y_05.01,0060,0020,0030,3260491,positive
Y_05.01,0060,0020,0040,3262907,positive
Y_05.01,0060,0020,0050,3263806,positive
Y_05.01,0060,0020,0060,3259570,positive
Y_05.01,0070,0020,0010,3263825,positive
Y_05.01,0070,0020,0020,3259587,positive
Y_05.01,0070,0020,0030,3260511,positive
Y_05.01,0070,0020,0040,3262929,positive
Y_05.01,0070,0020,0050,3260512,positive
Y_05.01,0070,0020,0060,3262930,positive
Y_05.01,0080,0020,0010,3263839,positive
Y_05.01,0080,0020,0020,3259601,positive
Y_05.01,0080,0020,0030,3260524,positive
Y_05.01,0080,0020,0040,3262942,positive
Y_05.01,0080,0020,0050,3260525,positive
Y_05.01,0080,0020,0060,3262943,positive
Y_05.01,0090,0020,0010,3263853,positive
Y_05.01,0090,0020,0020,3259616,positive
Y_05.01,0090,0020,0030,3260538,positive
Y_05.01,0090,0020,0040,3262955,positive
Y_05.01,0090,0020,0050,3263852,positive
Y_05.01,0090,0020,0060,3259615,positive
Y_05.01,0100,0020,0010,3263872,positive
Y_05.01,0100,0020,0020,3259635,positive
Y_05.01,0100,0020,0030,3260557,positive
Y_05.01,0100,0020,0040,3262974,positive
Y_05.01,0100,0020,0050,3260558,positive
Y_05.01,0100,0020,0060,3262975,positive
Y_05.01,0110,0020,0010,3260608,positive
Y_05.01,0110,0020,0020,3263024,positive
Y_05.01,0110,0020,0030,3263921,positive
Y_05.01,0110,0020,0040,3259684,positive
Y_05.01,0110,0020,0050,3260607,positive
Y_05.01,0110,0020,0060,3259685,positive
Y_05.02,0010,0010,"",3259167,positive
Y_05.02,0020,0010,"",3259168,positive
Y_05.02,0030,0010,"",3259169,positive
Y_06.01,0010,0010,0010,3261304,positive
Y_06.01,0010,0010,0020,3263496,positive
Y_06.01,0010,0010,0030,3264386,positive
Y_06.01,0010,0010,0040,3260147,positive
Y_06.01,0010,0010,0050,3264395,positive
Y_06.01,0010,0010,0060,3260155,positive
Y_06.01,0010,0020,0010,3264267,positive
Y_06.01,0010,0020,0020,3260029,positive
Y_06.01,0010,0020,0030,3260923,positive
Y_06.01,0010,0020,0040,3263342,positive
Y_06.01,0010,0020,0050,3264258,positive
Y_06.01,0010,0020,0060,3260020,positive
Y_06.01,0020,0010,0010,3264413,positive
Y_06.01,0020,0010,0020,3260401,positive
Y_06.01,0020,0010,0030,3264394,positive
Y_06.01,0020,0010,0040,3260154,positive
Y_06.01,0020,0010,0050,3264404,positive
Y_06.01,0020,0010,0060,3260391,positive
Y_06.01,0020,0020,0010,3260950,positive
Y_06.01,0020,0020,0020,3263368,positive
Y_06.01,0020,0020,0030,3260928,positive
Y_06.01,0020,0020,0040,3260016,positive
Y_06.01,0020,0020,0050,3260939,positive
Y_06.01,0020,0020,0060,3263356,positive
Y_06.01,0030,0010,0010,3261312,positive
Y_06.01,0030,0010,0020,3263504,positive
Y_06.01,0030,0010,0030,3261291,positive
Y_06.01,0030,0010,0040,3263485,positive
Y_06.01,0030,0010,0050,3261301,positive
Y_06.01,0030,0010,0060,3263494,positive
Y_06.01,0030,0020,0010,3264273,positive
Y_06.01,0030,0020,0020,3260035,positive
Y_06.01,0030,0020,0030,3260929,positive
Y_06.01,0030,0020,0040,3263347,positive
Y_06.01,0030,0020,0050,3260940,positive
Y_06.01,0030,0020,0060,3263357,positive
Y_06.01,0050,0020,0010,3263811,positive
Y_06.01,0050,0020,0020,3259575,positive
Y_06.01,0050,0020,0030,3260493,positive
Y_06.01,0050,0020,0040,3262909,positive
Y_06.01,0050,0020,0050,3260495,positive
Y_06.01,0050,0020,0060,3262910,positive
Y_06.01,0060,0020,0010,3260580,positive
Y_06.01,0060,0020,0020,3262996,positive
Y_06.01,0060,0020,0030,3260577,positive
Y_06.01,0060,0020,0040,3259655,positive
Y_06.01,0060,0020,0050,3260579,positive
Y_06.01,0060,0020,0060,3262994,positive
Y_06.01,0070,0020,0010,3263907,positive
Y_06.01,0070,0020,0020,3259672,positive
Y_06.01,0070,0020,0030,3263903,positive
Y_06.01,0070,0020,0040,3259668,positive
Y_06.01,0070,0020,0050,3263905,positive
Y_06.01,0070,0020,0060,3259670,positive
Y_06.01,0080,0010,0010,3264414,positive
Y_06.01,0080,0010,0020,3260402,positive
Y_06.01,0080,0010,0030,3261292,positive
Y_06.01,0080,0010,0040,3263486,positive
Y_06.01,0080,0010,0050,3261302,positive
Y_06.01,0080,0010,0060,3263495,positive
Y_06.01,0080,0020,0010,3264274,positive
Y_06.01,0080,0020,0020,3260036,positive
Y_06.01,0080,0020,0030,3264255,positive
Y_06.01,0080,0020,0040,3260017,positive
Y_06.01,0080,0020,0050,3264264,positive
Y_06.01,0080,0020,0060,3260027,positive
Y_06.01,0100,0020,0010,3260497,positive
Y_06.01,0100,0020,0020,3262913,positive
Y_06.01,0100,0020,0030,3263807,positive
Y_06.01,0100,0020,0040,3259571,positive
Y_06.01,0100,0020,0050,3263809,positive
Y_06.01,0100,0020,0060,3259574,positive
Y_06.01,0110,0020,0010,3263896,positive
Y_06.01,0110,0020,0020,3259660,positive
Y_06.01,0110,0020,0030,3260578,positive
Y_06.01,0110,0020,0040,3262993,positive
Y_06.01,0110,0020,0050,3263893,positive
Y_06.01,0110,0020,0060,3259658,positive
Y_06.01,0120,0020,0010,3260593,positive
Y_06.01,0120,0020,0020,3263008,positive
Y_06.01,0120,0020,0030,3260589,positive
Y_06.01,0120,0020,0040,3263004,positive
Y_06.01,0120,0020,0050,3260591,positive
Y_06.01,0120,0020,0060,3263006,positive
Y_06.01,0140,0010,0010,3264407,positive
Y_06.01,0140,0010,0020,3260395,positive
Y_06.01,0140,0010,0030,3264387,positive
Y_06.01,0140,0010,0040,3260148,positive
Y_06.01,0140,0010,0050,3264396,positive
Y_06.01,0140,0010,0060,3260156,positive
Y_06.01,0140,0020,0010,3260942,positive
Y_06.01,0140,0020,0020,3263360,positive
Y_06.01,0140,0020,0030,3264246,positive
Y_06.01,0140,0020,0040,3260007,positive
Y_06.01,0140,0020,0050,3260931,positive
Y_06.01,0140,0020,0060,3263349,positive
Y_06.01,0150,0010,0010,3261305,positive
Y_06.01,0150,0010,0020,3263498,positive
Y_06.01,0150,0010,0030,3261060,positive
Y_06.01,0150,0010,0040,3263479,positive
Y_06.01,0150,0010,0050,3261297,positive
Y_06.01,0150,0010,0060,3263491,positive
Y_06.01,0150,0020,0010,3264269,positive
Y_06.01,0150,0020,0020,3260031,positive
Y_06.01,0150,0020,0030,3260924,positive
Y_06.01,0150,0020,0040,3263343,positive
Y_06.01,0150,0020,0050,3264260,positive
Y_06.01,0150,0020,0060,3263350,positive
Y_06.01,0160,0010,0010,3261307,positive
Y_06.01,0160,0010,0020,3263500,positive
Y_06.01,0160,0010,0030,3264388,positive
Y_06.01,0160,0010,0040,3260149,positive
Y_06.01,0160,0010,0050,3261298,positive
Y_06.01,0160,0010,0060,3260158,positive
Y_06.01,0160,0020,0010,3260944,positive
Y_06.01,0160,0020,0020,3263362,positive
Y_06.01,0160,0020,0030,3260925,positive
Y_06.01,0160,0020,0040,3263344,positive
Y_06.01,0160,0020,0050,3260933,positive
Y_06.01,0160,0020,0060,3263352,positive
Y_06.01,0170,0010,0010,3264408,positive
Y_06.01,0170,0010,0020,3263497,positive
Y_06.01,0170,0010,0030,3261059,positive
Y_06.01,0170,0010,0040,3263478,positive
Y_06.01,0170,0010,0050,3261296,positive
Y_06.01,0170,0010,0060,3263490,positive
Y_06.01,0170,0020,0010,3264268,positive
Y_06.01,0170,0020,0020,3260030,positive
Y_06.01,0170,0020,0030,3264247,positive
Y_06.01,0170,0020,0040,3260008,positive
Y_06.01,0170,0020,0050,3264259,positive
Y_06.01,0170,0020,0060,3260021,positive
Y_06.01,0180,0010,0010,3264410,positive
Y_06.01,0180,0010,0020,3260397,positive
Y_06.01,0180,0010,0030,3264389,positive
Y_06.01,0180,0010,0040,3260150,positive
Y_06.01,0180,0010,0050,3264399,positive
Y_06.01,0180,0010,0060,3260386,positive
Y_06.01,0180,0020,0010,3260946,positive
Y_06.01,0180,0020,0020,3263364,positive
Y_06.01,0180,0020,0030,3260926,positive
Y_06.01,0180,0020,0040,3263345,positive
Y_06.01,0180,0020,0050,3260934,positive
Y_06.01,0180,0020,0060,3263353,positive
Y_06.01,0190,0010,0010,3264411,positive
Y_06.01,0190,0010,0020,3260398,positive
Y_06.01,0190,0010,0030,3264390,positive
Y_06.01,0190,0010,0040,3260151,positive
Y_06.01,0190,0010,0050,3264400,positive
Y_06.01,0190,0010,0060,3260387,positive
Y_06.01,0190,0020,0010,3260947,positive
Y_06.01,0190,0020,0020,3263365,positive
Y_06.01,0190,0020,0030,3264250,positive
Y_06.01,0190,0020,0040,3260011,positive
Y_06.01,0190,0020,0050,3260935,positive
Y_06.01,0190,0020,0060,3260023,positive
Y_06.01,0200,0010,0010,3264412,positive
Y_06.01,0200,0010,0020,3260400,positive
Y_06.01,0200,0010,0030,3264392,positive
Y_06.01,0200,0010,0040,3263483,positive
Y_06.01,0200,0010,0050,3264402,positive
Y_06.01,0200,0010,0060,3260389,positive
Y_06.01,0200,0020,0010,3260949,positive
Y_06.01,0200,0020,0020,3263367,positive
Y_06.01,0200,0020,0030,3264252,positive
Y_06.01,0200,0020,0040,3260013,positive
Y_06.01,0200,0020,0050,3264262,positive
Y_06.01,0200,0020,0060,3260025,positive
Y_06.01,0210,0010,0010,3261310,positive
Y_06.01,0210,0010,0020,3263502,positive
Y_06.01,0210,0010,0030,3261290,positive
Y_06.01,0210,0010,0040,3263484,positive
Y_06.01,0210,0010,0050,3261300,positive
Y_06.01,0210,0010,0060,3263493,positive
Y_06.01,0210,0020,0010,3264271,positive
Y_06.01,0210,0020,0020,3260033,positive
Y_06.01,0210,0020,0030,3264253,positive
Y_06.01,0210,0020,0040,3260014,positive
Y_06.01,0210,0020,0050,3264263,positive
Y_06.01,0210,0020,0060,3260026,positive
Y_06.01,0220,0010,0010,3264415,positive
Y_06.01,0220,0010,0020,3260403,positive
Y_06.01,0220,0010,0030,3261293,positive
Y_06.01,0220,0010,0040,3263487,positive
Y_06.01,0220,0010,0050,3264405,positive
Y_06.01,0220,0010,0060,3260392,positive
Y_06.01,0220,0020,0010,3264275,positive
Y_06.01,0220,0020,0020,3260037,positive
Y_06.01,0220,0020,0030,3260930,positive
Y_06.01,0220,0020,0040,3263348,positive
Y_06.01,0220,0020,0050,3264265,positive
Y_06.01,0220,0020,0060,3260028,positive
Y_06.01,0230,0010,0010,3264416,positive
Y_06.01,0230,0010,0020,3260404,positive
Y_06.01,0230,0010,0030,3261294,positive
Y_06.01,0230,0010,0040,3263488,positive
Y_06.01,0230,0010,0050,3261303,positive
Y_06.01,0230,0010,0060,3260393,positive
Y_06.01,0230,0020,0010,3260951,positive
Y_06.01,0230,0020,0020,3263369,positive
Y_06.01,0230,0020,0030,3264256,positive
Y_06.01,0230,0020,0040,3260018,positive
Y_06.01,0230,0020,0050,3264266,positive
Y_06.01,0230,0020,0060,3263358,positive
Y_06.01,0250,0020,0010,3260498,positive
Y_06.01,0250,0020,0020,3262914,positive
Y_06.01,0250,0020,0030,3260494,positive
Y_06.01,0250,0020,0040,3259572,positive
Y_06.01,0250,0020,0050,3260496,positive
Y_06.01,0250,0020,0060,3262911,positive
Y_06.01,0260,0020,0010,3260581,positive
Y_06.01,0260,0020,0020,3262997,positive
Y_06.01,0260,0020,0030,3263891,positive
Y_06.01,0260,0020,0040,3259656,positive
Y_06.01,0260,0020,0050,3263894,positive
Y_06.01,0260,0020,0060,3259659,positive
Y_06.01,0270,0020,0010,3260594,positive
Y_06.01,0270,0020,0020,3263009,positive
Y_06.01,0270,0020,0030,3260590,positive
Y_06.01,0270,0020,0040,3263005,positive
Y_06.01,0270,0020,0050,3260592,positive
Y_06.01,0270,0020,0060,3263007,positive
Y_06.01,0280,0010,0010,3261313,positive
Y_06.01,0280,0010,0020,3263505,positive
Y_06.01,0280,0010,0030,3261295,positive
Y_06.01,0280,0010,0040,3263489,positive
Y_06.01,0280,0010,0050,3264406,positive
Y_06.01,0280,0010,0060,3260394,positive
Y_06.01,0280,0020,0010,3260952,positive
Y_06.01,0280,0020,0020,3263370,positive
Y_06.01,0280,0020,0030,3264257,positive
Y_06.01,0280,0020,0040,3260019,positive
Y_06.01,0280,0020,0050,3260941,positive
Y_06.01,0280,0020,0060,3263359,positive
Y_06.01,0300,0020,0010,3260499,positive
Y_06.01,0300,0020,0020,3262915,positive
Y_06.01,0300,0020,0030,3263808,positive
Y_06.01,0300,0020,0040,3259573,positive
Y_06.01,0300,0020,0050,3263810,positive
Y_06.01,0300,0020,0060,3262912,positive
Y_06.01,0310,0020,0010,3260582,positive
Y_06.01,0310,0020,0020,3262998,positive
Y_06.01,0310,0020,0030,3263892,positive
Y_06.01,0310,0020,0040,3259657,positive
Y_06.01,0310,0020,0050,3263895,positive
Y_06.01,0310,0020,0060,3262995,positive
Y_06.01,0320,0020,0010,3263908,positive
Y_06.01,0320,0020,0020,3259673,positive
Y_06.01,0320,0020,0030,3263904,positive
Y_06.01,0320,0020,0040,3259669,positive
Y_06.01,0320,0020,0050,3263906,positive
Y_06.01,0320,0020,0060,3259671,positive
Y_06.01,0340,0010,0010,3261306,positive
Y_06.01,0340,0010,0020,3263499,positive
Y_06.01,0340,0010,0030,3261061,positive
Y_06.01,0340,0010,0040,3263480,positive
Y_06.01,0340,0010,0050,3264397,positive
Y_06.01,0340,0010,0060,3260157,positive
Y_06.01,0340,0020,0010,3260943,positive
Y_06.01,0340,0020,0020,3263361,positive
Y_06.01,0340,0020,0030,3264248,positive
Y_06.01,0340,0020,0040,3260009,positive
Y_06.01,0340,0020,0050,3260932,positive
Y_06.01,0340,0020,0060,3263351,positive
Y_06.01,0350,0010,0010,3264409,positive
Y_06.01,0350,0010,0020,3260396,positive
Y_06.01,0350,0010,0030,3261062,positive
Y_06.01,0350,0010,0040,3263481,positive
Y_06.01,0350,0010,0050,3264398,positive
Y_06.01,0350,0010,0060,3260159,positive
Y_06.01,0350,0020,0010,3260945,positive
Y_06.01,0350,0020,0020,3263363,positive
Y_06.01,0350,0020,0030,3264249,positive
Y_06.01,0350,0020,0040,3260010,positive
Y_06.01,0350,0020,0050,3264261,positive
Y_06.01,0350,0020,0060,3260022,positive
Y_06.01,0360,0010,0010,3261308,positive
Y_06.01,0360,0010,0020,3263501,positive
Y_06.01,0360,0010,0030,3261063,positive
Y_06.01,0360,0010,0040,3263482,positive
Y_06.01,0360,0010,0050,3264401,positive
Y_06.01,0360,0010,0060,3260388,positive
Y_06.01,0360,0020,0010,3260948,positive
Y_06.01,0360,0020,0020,3263366,positive
Y_06.01,0360,0020,0030,3264251,positive
Y_06.01,0360,0020,0040,3260012,positive
Y_06.01,0360,0020,0050,3260936,positive
Y_06.01,0360,0020,0060,3263354,positive
Y_06.01,0370,0010,0010,3261309,positive
Y_06.01,0370,0010,0020,3260399,positive
Y_06.01,0370,0010,0030,3264391,positive
Y_06.01,0370,0010,0040,3260152,positive
Y_06.01,0370,0010,0050,3261299,positive
Y_06.01,0370,0010,0060,3263492,positive
Y_06.01,0370,0020,0010,3264270,positive
Y_06.01,0370,0020,0020,3260032,positive
Y_06.01,0370,0020,0030,3260927,positive
Y_06.01,0370,0020,0040,3263346,positive
Y_06.01,0370,0020,0050,3260937,positive
Y_06.01,0370,0020,0060,3260024,positive
Y_06.01,0380,0010,0010,3261311,positive
Y_06.01,0380,0010,0020,3263503,positive
Y_06.01,0380,0010,0030,3264393,positive
Y_06.01,0380,0010,0040,3260153,positive
Y_06.01,0380,0010,0050,3264403,positive
Y_06.01,0380,0010,0060,3260390,positive
Y_06.01,0380,0020,0010,3264272,positive
Y_06.01,0380,0020,0020,3260034,positive
Y_06.01,0380,0020,0030,3264254,positive
Y_06.01,0380,0020,0040,3260015,positive
Y_06.01,0380,0020,0050,3260938,positive
Y_06.01,0380,0020,0060,3263355,positive
Y_06.02,0010,0010,"",3262503,positive
Y_06.02,0020,0010,"",3259170,positive
Y_06.02,0030,0010,"",3259171,positive
Y_07.01,0010,0010,0010,3261315,positive
Y_07.01,0010,0010,0020,3263507,positive
Y_07.01,0010,0010,0030,3261314,positive
Y_07.01,0010,0010,0040,3263506,positive
Y_07.01,0010,0010,0050,3264417,positive
Y_07.01,0010,0010,0060,3260405,positive
Y_07.01,0010,0020,0010,3264277,positive
Y_07.01,0010,0020,0020,3260039,positive
Y_07.01,0010,0020,0030,3264276,positive
Y_07.01,0010,0020,0040,3260038,positive
Y_07.01,0010,0020,0050,3260953,positive
Y_07.01,0010,0020,0060,3263371,positive
Y_08.01,0010,0010,0010,3264426,positive
Y_08.01,0010,0010,0020,3260413,positive
Y_08.01,0010,0010,0030,3264418,positive
Y_08.01,0010,0010,0040,3260406,positive
Y_08.01,0010,0010,0050,3264421,positive
Y_08.01,0010,0010,0060,3260409,positive
Y_08.01,0010,0020,0010,3260961,positive
Y_08.01,0010,0020,0020,3263379,positive
Y_08.01,0010,0020,0030,3260954,positive
Y_08.01,0010,0020,0040,3263372,positive
Y_08.01,0010,0020,0050,3260958,positive
Y_08.01,0010,0020,0060,3263376,positive
Y_08.01,0020,0010,0010,3264427,positive
Y_08.01,0020,0010,0020,3260414,positive
Y_08.01,0020,0010,0030,3261316,positive
Y_08.01,0020,0010,0040,3263508,positive
Y_08.01,0020,0010,0050,3264422,positive
Y_08.01,0020,0010,0060,3263512,positive
Y_08.01,0020,0020,0010,3264285,positive
Y_08.01,0020,0020,0020,3260047,positive
Y_08.01,0020,0020,0030,3264278,positive
Y_08.01,0020,0020,0040,3260040,positive
Y_08.01,0020,0020,0050,3264281,positive
Y_08.01,0020,0020,0060,3260043,positive
Y_08.01,0030,0010,0010,3261322,positive
Y_08.01,0030,0010,0020,3260415,positive
Y_08.01,0030,0010,0030,3264419,positive
Y_08.01,0030,0010,0040,3260407,positive
Y_08.01,0030,0010,0050,3264423,positive
Y_08.01,0030,0010,0060,3260410,positive
Y_08.01,0030,0020,0010,3260962,positive
Y_08.01,0030,0020,0020,3263380,positive
Y_08.01,0030,0020,0030,3260955,positive
Y_08.01,0030,0020,0040,3263373,positive
Y_08.01,0030,0020,0050,3260959,positive
Y_08.01,0030,0020,0060,3263377,positive
Y_08.01,0040,0010,0010,3261323,positive
Y_08.01,0040,0010,0020,3263515,positive
Y_08.01,0040,0010,0030,3261317,positive
Y_08.01,0040,0010,0040,3263509,positive
Y_08.01,0040,0010,0050,3261320,positive
Y_08.01,0040,0010,0060,3263513,positive
Y_08.01,0040,0020,0010,3264286,positive
Y_08.01,0040,0020,0020,3260048,positive
Y_08.01,0040,0020,0030,3260956,positive
Y_08.01,0040,0020,0040,3263374,positive
Y_08.01,0040,0020,0050,3264282,positive
Y_08.01,0040,0020,0060,3260044,positive
Y_08.01,0050,0010,0010,3264428,positive
Y_08.01,0050,0010,0020,3260416,positive
Y_08.01,0050,0010,0030,3261318,positive
Y_08.01,0050,0010,0040,3263510,positive
Y_08.01,0050,0010,0050,3264424,positive
Y_08.01,0050,0010,0060,3260411,positive
Y_08.01,0050,0020,0010,3260963,positive
Y_08.01,0050,0020,0020,3263381,positive
Y_08.01,0050,0020,0030,3264279,positive
Y_08.01,0050,0020,0040,3260041,positive
Y_08.01,0050,0020,0050,3264283,positive
Y_08.01,0050,0020,0060,3260045,positive
Y_08.01,0060,0010,0010,3261324,positive
Y_08.01,0060,0010,0020,3263516,positive
Y_08.01,0060,0010,0030,3264420,positive
Y_08.01,0060,0010,0040,3260408,positive
Y_08.01,0060,0010,0050,3264425,positive
Y_08.01,0060,0010,0060,3260412,positive
Y_08.01,0060,0020,0010,3260964,positive
Y_08.01,0060,0020,0020,3263382,positive
Y_08.01,0060,0020,0030,3260957,positive
Y_08.01,0060,0020,0040,3263375,positive
Y_08.01,0060,0020,0050,3260960,positive
Y_08.01,0060,0020,0060,3263378,positive
Y_08.01,0070,0010,0010,3261325,positive
Y_08.01,0070,0010,0020,3263517,positive
Y_08.01,0070,0010,0030,3261319,positive
Y_08.01,0070,0010,0040,3263511,positive
Y_08.01,0070,0010,0050,3261321,positive
Y_08.01,0070,0010,0060,3263514,positive
Y_08.01,0070,0020,0010,3264287,positive
Y_08.01,0070,0020,0020,3260049,positive
Y_08.01,0070,0020,0030,3264280,positive
Y_08.01,0070,0020,0040,3260042,positive
Y_08.01,0070,0020,0050,3264284,positive
Y_08.01,0070,0020,0060,3260046,positive
Y_08.01,0090,0010,0010,3264429,positive
Y_08.01,0090,0010,0020,3260417,positive
Y_08.01,0090,0010,0030,3261326,positive
Y_08.01,0090,0010,0040,3263518,positive
Y_08.01,0090,0010,0050,3261327,positive
Y_08.01,0090,0010,0060,3263519,positive
Y_08.01,0090,0020,0010,3260966,positive
Y_08.01,0090,0020,0020,3263384,positive
Y_08.01,0090,0020,0030,3260965,positive
Y_08.01,0090,0020,0040,3263383,positive
Y_08.01,0090,0020,0050,3264288,positive
Y_08.01,0090,0020,0060,3260050,positive
Y_08.01,0100,0010,0010,3264657,positive
Y_08.01,0100,0010,0020,3260419,positive
Y_08.01,0100,0010,0030,3261328,positive
Y_08.01,0100,0010,0040,3263520,positive
Y_08.01,0100,0010,0050,3264656,positive
Y_08.01,0100,0010,0060,3260418,positive
Y_08.01,0100,0020,0010,3260967,positive
Y_08.01,0100,0020,0020,3263385,positive
Y_08.01,0100,0020,0030,3264289,positive
Y_08.01,0100,0020,0040,3260051,positive
Y_08.01,0100,0020,0050,3264290,positive
Y_08.01,0100,0020,0060,3260052,positive
